[debug] [2026-10-07T18:05:37.072Z] [Firebase Plugin] Activating Firebase extension.
[debug] [2026-10-07T18:05:43.214Z] [Firebase Plugin] requireAuthWrapper
[debug] [2026-10-07T18:05:43.216Z] > command requires scopes: ["email","openid","https://www.googleapis.com/auth/cloudplatformprojects.readonly","https://www.googleapis.com/auth/firebase","https://www.googleapis.com/auth/cloud-platform"]
[debug] [2026-10-07T18:05:43.216Z] > authorizing via signed-in user (ricardocm5889@gmail.com)
[debug] [2026-10-07T18:05:43.219Z] Checked if tokens are valid: true, expires at: 1791399641222
[debug] [2026-10-07T18:05:43.220Z] Checked if tokens are valid: true, expires at: 1791399641222
[debug] [2026-10-07T18:05:43.220Z] [Firebase Plugin] User found:  ricardocm5889@gmail.com
[info] [Firebase Plugin] (Core:Project) New user detected, fetching projects
[debug] [2026-10-07T18:05:43.223Z] Checked if tokens are valid: true, expires at: 1791399641222
[debug] [2026-10-07T18:05:43.225Z] >>> [apiv2][query] GET https://firebase.googleapis.com/v1beta1/projects pageSize=1000
[info] [Firebase Plugin] Starting SQL Connect toolkit (version 3.4.16) on port 50001
[debug] [2026-10-07T18:05:44.948Z] 'fdc build' failed with error: Unable to build your SQL Connect schema and connectors (exit code 1): E1007 12:05:44.923419   14740 cmd.go:43] Error loading data connect config: could not find dataconnect.yaml in `c:\laragon\www\Tropic-Colors\dataconnect`
 {"metadata":{"emulator":{"name":"dataconnect"},"message":"'fdc build' failed with error: Unable to build your SQL Connect schema and connectors (exit code 1): E1007 12:05:44.923419   14740 cmd.go:43] Error loading data connect config: could not find dataconnect.yaml in `c:\\laragon\\www\\Tropic-Colors\\dataconnect`\n"}}
[debug] [2026-10-07T18:05:44.949Z] Ignoring unsupported arg: auto_download {"metadata":{"emulator":{"name":"dataconnect"},"message":"Ignoring unsupported arg: auto_download"}}
[debug] [2026-10-07T18:05:44.949Z] Ignoring unsupported arg: port {"metadata":{"emulator":{"name":"dataconnect"},"message":"Ignoring unsupported arg: port"}}
[debug] [2026-10-07T18:05:44.949Z] Starting SQL Connect Emulator with command {"binary":"C:\\Users\\Richi\\.cache\\firebase\\emulators\\dataconnect-emulator-3.4.16.exe","args":["--logtostderr","-v=2","dev","--listen=localhost:50001","--config_dir=c:\\laragon\\www\\Tropic-Colors\\dataconnect","--enable_output_schema_extensions=true","--enable_output_generated_sdk=true"],"optionalArgs":["listen","config_dir","enable_output_schema_extensions","enable_output_generated_sdk"],"joinArgs":true,"shell":false,"port":9399} {"metadata":{"emulator":{"name":"dataconnect"},"message":"Starting SQL Connect Emulator with command {\"binary\":\"C:\\\\Users\\\\Richi\\\\.cache\\\\firebase\\\\emulators\\\\dataconnect-emulator-3.4.16.exe\",\"args\":[\"--logtostderr\",\"-v=2\",\"dev\",\"--listen=localhost:50001\",\"--config_dir=c:\\\\laragon\\\\www\\\\Tropic-Colors\\\\dataconnect\",\"--enable_output_schema_extensions=true\",\"--enable_output_generated_sdk=true\"],\"optionalArgs\":[\"listen\",\"config_dir\",\"enable_output_schema_extensions\",\"enable_output_generated_sdk\"],\"joinArgs\":true,\"shell\":false,\"port\":9399}"}}
[info] i  dataconnect: SQL Connect Emulator logging to dataconnect-debug.log {"metadata":{"emulator":{"name":"dataconnect"},"message":"SQL Connect Emulator logging to \u001b[1mdataconnect-debug.log\u001b[22m"}}
[debug] [2026-10-07T18:05:45.552Z] E1007 12:05:45.005769   14072 dev.go:80] Failed to load initial config from "c:\\laragon\\www\\Tropic-Colors\\dataconnect": could not find dataconnect.yaml in `c:\laragon\www\Tropic-Colors\dataconnect`
I1007 12:05:45.037500   14072 dev.go:101] Listening on address (HTTP + gRPC): 127.0.0.1:50001
 {"metadata":{"emulator":{"name":"dataconnect"},"message":"E1007 12:05:45.005769   14072 dev.go:80] Failed to load initial config from \"c:\\\\laragon\\\\www\\\\Tropic-Colors\\\\dataconnect\": could not find dataconnect.yaml in `c:\\laragon\\www\\Tropic-Colors\\dataconnect`\nI1007 12:05:45.037500   14072 dev.go:101] Listening on address (HTTP + gRPC): 127.0.0.1:50001\n"}}
[error] [Firebase Plugin] error:  {}
[debug] [2026-10-07T18:05:45.874Z] <<< [apiv2][status] GET https://firebase.googleapis.com/v1beta1/projects 200
[debug] [2026-10-07T18:05:45.875Z] <<< [apiv2][body] GET https://firebase.googleapis.com/v1beta1/projects [omitted]
[debug] [2026-10-07T18:05:55.019Z] E1007 12:05:55.017901   14072 watch.go:40] Failed to load config from "c:\\laragon\\www\\Tropic-Colors\\dataconnect": could not find dataconnect.yaml in `c:\laragon\www\Tropic-Colors\dataconnect`
 {"metadata":{"emulator":{"name":"dataconnect"},"message":"E1007 12:05:55.017901   14072 watch.go:40] Failed to load config from \"c:\\\\laragon\\\\www\\\\Tropic-Colors\\\\dataconnect\": could not find dataconnect.yaml in `c:\\laragon\\www\\Tropic-Colors\\dataconnect`\n"}}
[debug] [2026-10-07T18:06:05.018Z] E1007 12:06:05.017789   14072 watch.go:40] Failed to load config from "c:\\laragon\\www\\Tropic-Colors\\dataconnect": could not find dataconnect.yaml in `c:\laragon\www\Tropic-Colors\dataconnect`
 {"metadata":{"emulator":{"name":"dataconnect"},"message":"E1007 12:06:05.017789   14072 watch.go:40] Failed to load config from \"c:\\\\laragon\\\\www\\\\Tropic-Colors\\\\dataconnect\": could not find dataconnect.yaml in `c:\\laragon\\www\\Tropic-Colors\\dataconnect`\n"}}
[debug] [2026-10-07T18:06:15.018Z] E1007 12:06:15.018347   14072 watch.go:40] Failed to load config from "c:\\laragon\\www\\Tropic-Colors\\dataconnect": could not find dataconnect.yaml in `c:\laragon\www\Tropic-Colors\dataconnect`
 {"metadata":{"emulator":{"name":"dataconnect"},"message":"E1007 12:06:15.018347   14072 watch.go:40] Failed to load config from \"c:\\\\laragon\\\\www\\\\Tropic-Colors\\\\dataconnect\": could not find dataconnect.yaml in `c:\\laragon\\www\\Tropic-Colors\\dataconnect`\n"}}
[debug] [2026-10-07T18:06:25.017Z] E1007 12:06:25.017951   14072 watch.go:40] Failed to load config from "c:\\laragon\\www\\Tropic-Colors\\dataconnect": could not find dataconnect.yaml in `c:\laragon\www\Tropic-Colors\dataconnect`
 {"metadata":{"emulator":{"name":"dataconnect"},"message":"E1007 12:06:25.017951   14072 watch.go:40] Failed to load config from \"c:\\\\laragon\\\\www\\\\Tropic-Colors\\\\dataconnect\": could not find dataconnect.yaml in `c:\\laragon\\www\\Tropic-Colors\\dataconnect`\n"}}
[debug] [2026-10-07T18:06:35.017Z] E1007 12:06:35.018109   14072 watch.go:40] Failed to load config from "c:\\laragon\\www\\Tropic-Colors\\dataconnect": could not find dataconnect.yaml in `c:\laragon\www\Tropic-Colors\dataconnect`
 {"metadata":{"emulator":{"name":"dataconnect"},"message":"E1007 12:06:35.018109   14072 watch.go:40] Failed to load config from \"c:\\\\laragon\\\\www\\\\Tropic-Colors\\\\dataconnect\": could not find dataconnect.yaml in `c:\\laragon\\www\\Tropic-Colors\\dataconnect`\n"}}
[debug] [2026-10-07T18:06:45.016Z] E1007 12:06:45.017932   14072 watch.go:40] Failed to load config from "c:\\laragon\\www\\Tropic-Colors\\dataconnect": could not find dataconnect.yaml in `c:\laragon\www\Tropic-Colors\dataconnect`
 {"metadata":{"emulator":{"name":"dataconnect"},"message":"E1007 12:06:45.017932   14072 watch.go:40] Failed to load config from \"c:\\\\laragon\\\\www\\\\Tropic-Colors\\\\dataconnect\": could not find dataconnect.yaml in `c:\\laragon\\www\\Tropic-Colors\\dataconnect`\n"}}
[debug] [2026-10-07T18:06:55.017Z] E1007 12:06:55.018173   14072 watch.go:40] Failed to load config from "c:\\laragon\\www\\Tropic-Colors\\dataconnect": could not find dataconnect.yaml in `c:\laragon\www\Tropic-Colors\dataconnect`
 {"metadata":{"emulator":{"name":"dataconnect"},"message":"E1007 12:06:55.018173   14072 watch.go:40] Failed to load config from \"c:\\\\laragon\\\\www\\\\Tropic-Colors\\\\dataconnect\": could not find dataconnect.yaml in `c:\\laragon\\www\\Tropic-Colors\\dataconnect`\n"}}
[debug] [2026-10-07T18:07:05.017Z] E1007 12:07:05.018277   14072 watch.go:40] Failed to load config from "c:\\laragon\\www\\Tropic-Colors\\dataconnect": could not find dataconnect.yaml in `c:\laragon\www\Tropic-Colors\dataconnect`
 {"metadata":{"emulator":{"name":"dataconnect"},"message":"E1007 12:07:05.018277   14072 watch.go:40] Failed to load config from \"c:\\\\laragon\\\\www\\\\Tropic-Colors\\\\dataconnect\": could not find dataconnect.yaml in `c:\\laragon\\www\\Tropic-Colors\\dataconnect`\n"}}
[debug] [2026-10-07T18:07:15.017Z] E1007 12:07:15.018227   14072 watch.go:40] Failed to load config from "c:\\laragon\\www\\Tropic-Colors\\dataconnect": could not find dataconnect.yaml in `c:\laragon\www\Tropic-Colors\dataconnect`
 {"metadata":{"emulator":{"name":"dataconnect"},"message":"E1007 12:07:15.018227   14072 watch.go:40] Failed to load config from \"c:\\\\laragon\\\\www\\\\Tropic-Colors\\\\dataconnect\": could not find dataconnect.yaml in `c:\\laragon\\www\\Tropic-Colors\\dataconnect`\n"}}
[debug] [2026-10-07T18:07:25.017Z] E1007 12:07:25.018256   14072 watch.go:40] Failed to load config from "c:\\laragon\\www\\Tropic-Colors\\dataconnect": could not find dataconnect.yaml in `c:\laragon\www\Tropic-Colors\dataconnect`
 {"metadata":{"emulator":{"name":"dataconnect"},"message":"E1007 12:07:25.018256   14072 watch.go:40] Failed to load config from \"c:\\\\laragon\\\\www\\\\Tropic-Colors\\\\dataconnect\": could not find dataconnect.yaml in `c:\\laragon\\www\\Tropic-Colors\\dataconnect`\n"}}
[debug] [2026-10-07T18:07:35.018Z] E1007 12:07:35.018083   14072 watch.go:40] Failed to load config from "c:\\laragon\\www\\Tropic-Colors\\dataconnect": could not find dataconnect.yaml in `c:\laragon\www\Tropic-Colors\dataconnect`
 {"metadata":{"emulator":{"name":"dataconnect"},"message":"E1007 12:07:35.018083   14072 watch.go:40] Failed to load config from \"c:\\\\laragon\\\\www\\\\Tropic-Colors\\\\dataconnect\": could not find dataconnect.yaml in `c:\\laragon\\www\\Tropic-Colors\\dataconnect`\n"}}
[debug] [2026-10-07T18:07:45.018Z] E1007 12:07:45.017841   14072 watch.go:40] Failed to load config from "c:\\laragon\\www\\Tropic-Colors\\dataconnect": could not find dataconnect.yaml in `c:\laragon\www\Tropic-Colors\dataconnect`
 {"metadata":{"emulator":{"name":"dataconnect"},"message":"E1007 12:07:45.017841   14072 watch.go:40] Failed to load config from \"c:\\\\laragon\\\\www\\\\Tropic-Colors\\\\dataconnect\": could not find dataconnect.yaml in `c:\\laragon\\www\\Tropic-Colors\\dataconnect`\n"}}
[debug] [2026-10-07T18:07:55.018Z] E1007 12:07:55.018016   14072 watch.go:40] Failed to load config from "c:\\laragon\\www\\Tropic-Colors\\dataconnect": could not find dataconnect.yaml in `c:\laragon\www\Tropic-Colors\dataconnect`
 {"metadata":{"emulator":{"name":"dataconnect"},"message":"E1007 12:07:55.018016   14072 watch.go:40] Failed to load config from \"c:\\\\laragon\\\\www\\\\Tropic-Colors\\\\dataconnect\": could not find dataconnect.yaml in `c:\\laragon\\www\\Tropic-Colors\\dataconnect`\n"}}
[debug] [2026-10-07T18:08:05.019Z] E1007 12:08:05.019344   14072 watch.go:40] Failed to load config from "c:\\laragon\\www\\Tropic-Colors\\dataconnect": could not find dataconnect.yaml in `c:\laragon\www\Tropic-Colors\dataconnect`
 {"metadata":{"emulator":{"name":"dataconnect"},"message":"E1007 12:08:05.019344   14072 watch.go:40] Failed to load config from \"c:\\\\laragon\\\\www\\\\Tropic-Colors\\\\dataconnect\": could not find dataconnect.yaml in `c:\\laragon\\www\\Tropic-Colors\\dataconnect`\n"}}
[debug] [2026-10-07T18:08:15.018Z] E1007 12:08:15.017870   14072 watch.go:40] Failed to load config from "c:\\laragon\\www\\Tropic-Colors\\dataconnect": could not find dataconnect.yaml in `c:\laragon\www\Tropic-Colors\dataconnect`
 {"metadata":{"emulator":{"name":"dataconnect"},"message":"E1007 12:08:15.017870   14072 watch.go:40] Failed to load config from \"c:\\\\laragon\\\\www\\\\Tropic-Colors\\\\dataconnect\": could not find dataconnect.yaml in `c:\\laragon\\www\\Tropic-Colors\\dataconnect`\n"}}
[debug] [2026-10-07T18:08:25.018Z] E1007 12:08:25.017887   14072 watch.go:40] Failed to load config from "c:\\laragon\\www\\Tropic-Colors\\dataconnect": could not find dataconnect.yaml in `c:\laragon\www\Tropic-Colors\dataconnect`
 {"metadata":{"emulator":{"name":"dataconnect"},"message":"E1007 12:08:25.017887   14072 watch.go:40] Failed to load config from \"c:\\\\laragon\\\\www\\\\Tropic-Colors\\\\dataconnect\": could not find dataconnect.yaml in `c:\\laragon\\www\\Tropic-Colors\\dataconnect`\n"}}
[debug] [2026-10-07T18:08:35.017Z] E1007 12:08:35.017834   14072 watch.go:40] Failed to load config from "c:\\laragon\\www\\Tropic-Colors\\dataconnect": could not find dataconnect.yaml in `c:\laragon\www\Tropic-Colors\dataconnect`
 {"metadata":{"emulator":{"name":"dataconnect"},"message":"E1007 12:08:35.017834   14072 watch.go:40] Failed to load config from \"c:\\\\laragon\\\\www\\\\Tropic-Colors\\\\dataconnect\": could not find dataconnect.yaml in `c:\\laragon\\www\\Tropic-Colors\\dataconnect`\n"}}
[debug] [2026-10-07T18:08:45.017Z] E1007 12:08:45.017909   14072 watch.go:40] Failed to load config from "c:\\laragon\\www\\Tropic-Colors\\dataconnect": could not find dataconnect.yaml in `c:\laragon\www\Tropic-Colors\dataconnect`
 {"metadata":{"emulator":{"name":"dataconnect"},"message":"E1007 12:08:45.017909   14072 watch.go:40] Failed to load config from \"c:\\\\laragon\\\\www\\\\Tropic-Colors\\\\dataconnect\": could not find dataconnect.yaml in `c:\\laragon\\www\\Tropic-Colors\\dataconnect`\n"}}
[debug] [2026-10-07T18:08:55.017Z] E1007 12:08:55.017994   14072 watch.go:40] Failed to load config from "c:\\laragon\\www\\Tropic-Colors\\dataconnect": could not find dataconnect.yaml in `c:\laragon\www\Tropic-Colors\dataconnect`
 {"metadata":{"emulator":{"name":"dataconnect"},"message":"E1007 12:08:55.017994   14072 watch.go:40] Failed to load config from \"c:\\\\laragon\\\\www\\\\Tropic-Colors\\\\dataconnect\": could not find dataconnect.yaml in `c:\\laragon\\www\\Tropic-Colors\\dataconnect`\n"}}
[debug] [2026-10-07T18:09:05.018Z] E1007 12:09:05.017789   14072 watch.go:40] Failed to load config from "c:\\laragon\\www\\Tropic-Colors\\dataconnect": could not find dataconnect.yaml in `c:\laragon\www\Tropic-Colors\dataconnect`
 {"metadata":{"emulator":{"name":"dataconnect"},"message":"E1007 12:09:05.017789   14072 watch.go:40] Failed to load config from \"c:\\\\laragon\\\\www\\\\Tropic-Colors\\\\dataconnect\": could not find dataconnect.yaml in `c:\\laragon\\www\\Tropic-Colors\\dataconnect`\n"}}
[debug] [2026-10-07T18:09:15.017Z] E1007 12:09:15.017871   14072 watch.go:40] Failed to load config from "c:\\laragon\\www\\Tropic-Colors\\dataconnect": could not find dataconnect.yaml in `c:\laragon\www\Tropic-Colors\dataconnect`
 {"metadata":{"emulator":{"name":"dataconnect"},"message":"E1007 12:09:15.017871   14072 watch.go:40] Failed to load config from \"c:\\\\laragon\\\\www\\\\Tropic-Colors\\\\dataconnect\": could not find dataconnect.yaml in `c:\\laragon\\www\\Tropic-Colors\\dataconnect`\n"}}
[debug] [2026-10-07T18:09:25.018Z] E1007 12:09:25.018080   14072 watch.go:40] Failed to load config from "c:\\laragon\\www\\Tropic-Colors\\dataconnect": could not find dataconnect.yaml in `c:\laragon\www\Tropic-Colors\dataconnect`
 {"metadata":{"emulator":{"name":"dataconnect"},"message":"E1007 12:09:25.018080   14072 watch.go:40] Failed to load config from \"c:\\\\laragon\\\\www\\\\Tropic-Colors\\\\dataconnect\": could not find dataconnect.yaml in `c:\\laragon\\www\\Tropic-Colors\\dataconnect`\n"}}
[debug] [2026-10-07T18:09:35.017Z] E1007 12:09:35.018025   14072 watch.go:40] Failed to load config from "c:\\laragon\\www\\Tropic-Colors\\dataconnect": could not find dataconnect.yaml in `c:\laragon\www\Tropic-Colors\dataconnect`
 {"metadata":{"emulator":{"name":"dataconnect"},"message":"E1007 12:09:35.018025   14072 watch.go:40] Failed to load config from \"c:\\\\laragon\\\\www\\\\Tropic-Colors\\\\dataconnect\": could not find dataconnect.yaml in `c:\\laragon\\www\\Tropic-Colors\\dataconnect`\n"}}
[debug] [2026-10-07T18:09:45.018Z] E1007 12:09:45.018073   14072 watch.go:40] Failed to load config from "c:\\laragon\\www\\Tropic-Colors\\dataconnect": could not find dataconnect.yaml in `c:\laragon\www\Tropic-Colors\dataconnect`
 {"metadata":{"emulator":{"name":"dataconnect"},"message":"E1007 12:09:45.018073   14072 watch.go:40] Failed to load config from \"c:\\\\laragon\\\\www\\\\Tropic-Colors\\\\dataconnect\": could not find dataconnect.yaml in `c:\\laragon\\www\\Tropic-Colors\\dataconnect`\n"}}
[debug] [2026-10-07T18:09:55.020Z] E1007 12:09:55.020293   14072 watch.go:40] Failed to load config from "c:\\laragon\\www\\Tropic-Colors\\dataconnect": could not find dataconnect.yaml in `c:\laragon\www\Tropic-Colors\dataconnect`
 {"metadata":{"emulator":{"name":"dataconnect"},"message":"E1007 12:09:55.020293   14072 watch.go:40] Failed to load config from \"c:\\\\laragon\\\\www\\\\Tropic-Colors\\\\dataconnect\": could not find dataconnect.yaml in `c:\\laragon\\www\\Tropic-Colors\\dataconnect`\n"}}
[debug] [2026-10-07T18:10:05.019Z] E1007 12:10:05.019067   14072 watch.go:40] Failed to load config from "c:\\laragon\\www\\Tropic-Colors\\dataconnect": could not find dataconnect.yaml in `c:\laragon\www\Tropic-Colors\dataconnect`
 {"metadata":{"emulator":{"name":"dataconnect"},"message":"E1007 12:10:05.019067   14072 watch.go:40] Failed to load config from \"c:\\\\laragon\\\\www\\\\Tropic-Colors\\\\dataconnect\": could not find dataconnect.yaml in `c:\\laragon\\www\\Tropic-Colors\\dataconnect`\n"}}
[debug] [2026-10-07T18:10:15.017Z] E1007 12:10:15.017949   14072 watch.go:40] Failed to load config from "c:\\laragon\\www\\Tropic-Colors\\dataconnect": could not find dataconnect.yaml in `c:\laragon\www\Tropic-Colors\dataconnect`
 {"metadata":{"emulator":{"name":"dataconnect"},"message":"E1007 12:10:15.017949   14072 watch.go:40] Failed to load config from \"c:\\\\laragon\\\\www\\\\Tropic-Colors\\\\dataconnect\": could not find dataconnect.yaml in `c:\\laragon\\www\\Tropic-Colors\\dataconnect`\n"}}
[debug] [2026-10-07T18:10:25.018Z] E1007 12:10:25.018045   14072 watch.go:40] Failed to load config from "c:\\laragon\\www\\Tropic-Colors\\dataconnect": could not find dataconnect.yaml in `c:\laragon\www\Tropic-Colors\dataconnect`
 {"metadata":{"emulator":{"name":"dataconnect"},"message":"E1007 12:10:25.018045   14072 watch.go:40] Failed to load config from \"c:\\\\laragon\\\\www\\\\Tropic-Colors\\\\dataconnect\": could not find dataconnect.yaml in `c:\\laragon\\www\\Tropic-Colors\\dataconnect`\n"}}
[debug] [2026-10-07T18:10:35.018Z] E1007 12:10:35.017877   14072 watch.go:40] Failed to load config from "c:\\laragon\\www\\Tropic-Colors\\dataconnect": could not find dataconnect.yaml in `c:\laragon\www\Tropic-Colors\dataconnect`
 {"metadata":{"emulator":{"name":"dataconnect"},"message":"E1007 12:10:35.017877   14072 watch.go:40] Failed to load config from \"c:\\\\laragon\\\\www\\\\Tropic-Colors\\\\dataconnect\": could not find dataconnect.yaml in `c:\\laragon\\www\\Tropic-Colors\\dataconnect`\n"}}
[debug] [2026-10-07T18:10:45.018Z] E1007 12:10:45.018235   14072 watch.go:40] Failed to load config from "c:\\laragon\\www\\Tropic-Colors\\dataconnect": could not find dataconnect.yaml in `c:\laragon\www\Tropic-Colors\dataconnect`
 {"metadata":{"emulator":{"name":"dataconnect"},"message":"E1007 12:10:45.018235   14072 watch.go:40] Failed to load config from \"c:\\\\laragon\\\\www\\\\Tropic-Colors\\\\dataconnect\": could not find dataconnect.yaml in `c:\\laragon\\www\\Tropic-Colors\\dataconnect`\n"}}
[debug] [2026-10-07T18:10:55.018Z] E1007 12:10:55.018417   14072 watch.go:40] Failed to load config from "c:\\laragon\\www\\Tropic-Colors\\dataconnect": could not find dataconnect.yaml in `c:\laragon\www\Tropic-Colors\dataconnect`
 {"metadata":{"emulator":{"name":"dataconnect"},"message":"E1007 12:10:55.018417   14072 watch.go:40] Failed to load config from \"c:\\\\laragon\\\\www\\\\Tropic-Colors\\\\dataconnect\": could not find dataconnect.yaml in `c:\\laragon\\www\\Tropic-Colors\\dataconnect`\n"}}
[debug] [2026-10-07T18:11:05.018Z] E1007 12:11:05.017806   14072 watch.go:40] Failed to load config from "c:\\laragon\\www\\Tropic-Colors\\dataconnect": could not find dataconnect.yaml in `c:\laragon\www\Tropic-Colors\dataconnect`
 {"metadata":{"emulator":{"name":"dataconnect"},"message":"E1007 12:11:05.017806   14072 watch.go:40] Failed to load config from \"c:\\\\laragon\\\\www\\\\Tropic-Colors\\\\dataconnect\": could not find dataconnect.yaml in `c:\\laragon\\www\\Tropic-Colors\\dataconnect`\n"}}
[debug] [2026-10-07T18:11:15.018Z] E1007 12:11:15.018028   14072 watch.go:40] Failed to load config from "c:\\laragon\\www\\Tropic-Colors\\dataconnect": could not find dataconnect.yaml in `c:\laragon\www\Tropic-Colors\dataconnect`
 {"metadata":{"emulator":{"name":"dataconnect"},"message":"E1007 12:11:15.018028   14072 watch.go:40] Failed to load config from \"c:\\\\laragon\\\\www\\\\Tropic-Colors\\\\dataconnect\": could not find dataconnect.yaml in `c:\\laragon\\www\\Tropic-Colors\\dataconnect`\n"}}
[debug] [2026-10-07T18:11:25.018Z] E1007 12:11:25.017880   14072 watch.go:40] Failed to load config from "c:\\laragon\\www\\Tropic-Colors\\dataconnect": could not find dataconnect.yaml in `c:\laragon\www\Tropic-Colors\dataconnect`
 {"metadata":{"emulator":{"name":"dataconnect"},"message":"E1007 12:11:25.017880   14072 watch.go:40] Failed to load config from \"c:\\\\laragon\\\\www\\\\Tropic-Colors\\\\dataconnect\": could not find dataconnect.yaml in `c:\\laragon\\www\\Tropic-Colors\\dataconnect`\n"}}
[debug] [2026-10-07T18:11:35.018Z] E1007 12:11:35.018252   14072 watch.go:40] Failed to load config from "c:\\laragon\\www\\Tropic-Colors\\dataconnect": could not find dataconnect.yaml in `c:\laragon\www\Tropic-Colors\dataconnect`
 {"metadata":{"emulator":{"name":"dataconnect"},"message":"E1007 12:11:35.018252   14072 watch.go:40] Failed to load config from \"c:\\\\laragon\\\\www\\\\Tropic-Colors\\\\dataconnect\": could not find dataconnect.yaml in `c:\\laragon\\www\\Tropic-Colors\\dataconnect`\n"}}
[debug] [2026-10-07T18:11:45.018Z] E1007 12:11:45.018204   14072 watch.go:40] Failed to load config from "c:\\laragon\\www\\Tropic-Colors\\dataconnect": could not find dataconnect.yaml in `c:\laragon\www\Tropic-Colors\dataconnect`
 {"metadata":{"emulator":{"name":"dataconnect"},"message":"E1007 12:11:45.018204   14072 watch.go:40] Failed to load config from \"c:\\\\laragon\\\\www\\\\Tropic-Colors\\\\dataconnect\": could not find dataconnect.yaml in `c:\\laragon\\www\\Tropic-Colors\\dataconnect`\n"}}
[debug] [2026-10-07T18:11:55.018Z] E1007 12:11:55.018412   14072 watch.go:40] Failed to load config from "c:\\laragon\\www\\Tropic-Colors\\dataconnect": could not find dataconnect.yaml in `c:\laragon\www\Tropic-Colors\dataconnect`
 {"metadata":{"emulator":{"name":"dataconnect"},"message":"E1007 12:11:55.018412   14072 watch.go:40] Failed to load config from \"c:\\\\laragon\\\\www\\\\Tropic-Colors\\\\dataconnect\": could not find dataconnect.yaml in `c:\\laragon\\www\\Tropic-Colors\\dataconnect`\n"}}
[debug] [2026-10-07T18:12:05.018Z] E1007 12:12:05.018006   14072 watch.go:40] Failed to load config from "c:\\laragon\\www\\Tropic-Colors\\dataconnect": could not find dataconnect.yaml in `c:\laragon\www\Tropic-Colors\dataconnect`
 {"metadata":{"emulator":{"name":"dataconnect"},"message":"E1007 12:12:05.018006   14072 watch.go:40] Failed to load config from \"c:\\\\laragon\\\\www\\\\Tropic-Colors\\\\dataconnect\": could not find dataconnect.yaml in `c:\\laragon\\www\\Tropic-Colors\\dataconnect`\n"}}
[debug] [2026-10-07T18:12:15.018Z] E1007 12:12:15.018173   14072 watch.go:40] Failed to load config from "c:\\laragon\\www\\Tropic-Colors\\dataconnect": could not find dataconnect.yaml in `c:\laragon\www\Tropic-Colors\dataconnect`
 {"metadata":{"emulator":{"name":"dataconnect"},"message":"E1007 12:12:15.018173   14072 watch.go:40] Failed to load config from \"c:\\\\laragon\\\\www\\\\Tropic-Colors\\\\dataconnect\": could not find dataconnect.yaml in `c:\\laragon\\www\\Tropic-Colors\\dataconnect`\n"}}
[debug] [2026-10-07T18:12:25.018Z] E1007 12:12:25.017828   14072 watch.go:40] Failed to load config from "c:\\laragon\\www\\Tropic-Colors\\dataconnect": could not find dataconnect.yaml in `c:\laragon\www\Tropic-Colors\dataconnect`
 {"metadata":{"emulator":{"name":"dataconnect"},"message":"E1007 12:12:25.017828   14072 watch.go:40] Failed to load config from \"c:\\\\laragon\\\\www\\\\Tropic-Colors\\\\dataconnect\": could not find dataconnect.yaml in `c:\\laragon\\www\\Tropic-Colors\\dataconnect`\n"}}
[debug] [2026-10-07T18:12:35.018Z] E1007 12:12:35.018140   14072 watch.go:40] Failed to load config from "c:\\laragon\\www\\Tropic-Colors\\dataconnect": could not find dataconnect.yaml in `c:\laragon\www\Tropic-Colors\dataconnect`
 {"metadata":{"emulator":{"name":"dataconnect"},"message":"E1007 12:12:35.018140   14072 watch.go:40] Failed to load config from \"c:\\\\laragon\\\\www\\\\Tropic-Colors\\\\dataconnect\": could not find dataconnect.yaml in `c:\\laragon\\www\\Tropic-Colors\\dataconnect`\n"}}
[debug] [2026-10-07T18:12:45.018Z] E1007 12:12:45.018158   14072 watch.go:40] Failed to load config from "c:\\laragon\\www\\Tropic-Colors\\dataconnect": could not find dataconnect.yaml in `c:\laragon\www\Tropic-Colors\dataconnect`
 {"metadata":{"emulator":{"name":"dataconnect"},"message":"E1007 12:12:45.018158   14072 watch.go:40] Failed to load config from \"c:\\\\laragon\\\\www\\\\Tropic-Colors\\\\dataconnect\": could not find dataconnect.yaml in `c:\\laragon\\www\\Tropic-Colors\\dataconnect`\n"}}
[debug] [2026-10-07T18:12:55.018Z] E1007 12:12:55.018610   14072 watch.go:40] Failed to load config from "c:\\laragon\\www\\Tropic-Colors\\dataconnect": could not find dataconnect.yaml in `c:\laragon\www\Tropic-Colors\dataconnect`
 {"metadata":{"emulator":{"name":"dataconnect"},"message":"E1007 12:12:55.018610   14072 watch.go:40] Failed to load config from \"c:\\\\laragon\\\\www\\\\Tropic-Colors\\\\dataconnect\": could not find dataconnect.yaml in `c:\\laragon\\www\\Tropic-Colors\\dataconnect`\n"}}
[debug] [2026-10-07T18:13:05.018Z] E1007 12:13:05.018088   14072 watch.go:40] Failed to load config from "c:\\laragon\\www\\Tropic-Colors\\dataconnect": could not find dataconnect.yaml in `c:\laragon\www\Tropic-Colors\dataconnect`
 {"metadata":{"emulator":{"name":"dataconnect"},"message":"E1007 12:13:05.018088   14072 watch.go:40] Failed to load config from \"c:\\\\laragon\\\\www\\\\Tropic-Colors\\\\dataconnect\": could not find dataconnect.yaml in `c:\\laragon\\www\\Tropic-Colors\\dataconnect`\n"}}
[debug] [2026-10-07T18:13:15.018Z] E1007 12:13:15.017983   14072 watch.go:40] Failed to load config from "c:\\laragon\\www\\Tropic-Colors\\dataconnect": could not find dataconnect.yaml in `c:\laragon\www\Tropic-Colors\dataconnect`
 {"metadata":{"emulator":{"name":"dataconnect"},"message":"E1007 12:13:15.017983   14072 watch.go:40] Failed to load config from \"c:\\\\laragon\\\\www\\\\Tropic-Colors\\\\dataconnect\": could not find dataconnect.yaml in `c:\\laragon\\www\\Tropic-Colors\\dataconnect`\n"}}
[debug] [2026-10-07T18:13:25.017Z] E1007 12:13:25.017978   14072 watch.go:40] Failed to load config from "c:\\laragon\\www\\Tropic-Colors\\dataconnect": could not find dataconnect.yaml in `c:\laragon\www\Tropic-Colors\dataconnect`
 {"metadata":{"emulator":{"name":"dataconnect"},"message":"E1007 12:13:25.017978   14072 watch.go:40] Failed to load config from \"c:\\\\laragon\\\\www\\\\Tropic-Colors\\\\dataconnect\": could not find dataconnect.yaml in `c:\\laragon\\www\\Tropic-Colors\\dataconnect`\n"}}
[debug] [2026-10-07T18:13:35.018Z] E1007 12:13:35.018252   14072 watch.go:40] Failed to load config from "c:\\laragon\\www\\Tropic-Colors\\dataconnect": could not find dataconnect.yaml in `c:\laragon\www\Tropic-Colors\dataconnect`
 {"metadata":{"emulator":{"name":"dataconnect"},"message":"E1007 12:13:35.018252   14072 watch.go:40] Failed to load config from \"c:\\\\laragon\\\\www\\\\Tropic-Colors\\\\dataconnect\": could not find dataconnect.yaml in `c:\\laragon\\www\\Tropic-Colors\\dataconnect`\n"}}
[debug] [2026-10-07T18:13:45.018Z] E1007 12:13:45.018226   14072 watch.go:40] Failed to load config from "c:\\laragon\\www\\Tropic-Colors\\dataconnect": could not find dataconnect.yaml in `c:\laragon\www\Tropic-Colors\dataconnect`
 {"metadata":{"emulator":{"name":"dataconnect"},"message":"E1007 12:13:45.018226   14072 watch.go:40] Failed to load config from \"c:\\\\laragon\\\\www\\\\Tropic-Colors\\\\dataconnect\": could not find dataconnect.yaml in `c:\\laragon\\www\\Tropic-Colors\\dataconnect`\n"}}
[debug] [2026-10-07T18:13:55.018Z] E1007 12:13:55.018213   14072 watch.go:40] Failed to load config from "c:\\laragon\\www\\Tropic-Colors\\dataconnect": could not find dataconnect.yaml in `c:\laragon\www\Tropic-Colors\dataconnect`
 {"metadata":{"emulator":{"name":"dataconnect"},"message":"E1007 12:13:55.018213   14072 watch.go:40] Failed to load config from \"c:\\\\laragon\\\\www\\\\Tropic-Colors\\\\dataconnect\": could not find dataconnect.yaml in `c:\\laragon\\www\\Tropic-Colors\\dataconnect`\n"}}
[debug] [2026-10-07T18:14:05.017Z] E1007 12:14:05.017856   14072 watch.go:40] Failed to load config from "c:\\laragon\\www\\Tropic-Colors\\dataconnect": could not find dataconnect.yaml in `c:\laragon\www\Tropic-Colors\dataconnect`
 {"metadata":{"emulator":{"name":"dataconnect"},"message":"E1007 12:14:05.017856   14072 watch.go:40] Failed to load config from \"c:\\\\laragon\\\\www\\\\Tropic-Colors\\\\dataconnect\": could not find dataconnect.yaml in `c:\\laragon\\www\\Tropic-Colors\\dataconnect`\n"}}
[debug] [2026-10-07T18:14:15.018Z] E1007 12:14:15.017827   14072 watch.go:40] Failed to load config from "c:\\laragon\\www\\Tropic-Colors\\dataconnect": could not find dataconnect.yaml in `c:\laragon\www\Tropic-Colors\dataconnect`
 {"metadata":{"emulator":{"name":"dataconnect"},"message":"E1007 12:14:15.017827   14072 watch.go:40] Failed to load config from \"c:\\\\laragon\\\\www\\\\Tropic-Colors\\\\dataconnect\": could not find dataconnect.yaml in `c:\\laragon\\www\\Tropic-Colors\\dataconnect`\n"}}
[debug] [2026-10-07T18:14:25.018Z] E1007 12:14:25.018225   14072 watch.go:40] Failed to load config from "c:\\laragon\\www\\Tropic-Colors\\dataconnect": could not find dataconnect.yaml in `c:\laragon\www\Tropic-Colors\dataconnect`
 {"metadata":{"emulator":{"name":"dataconnect"},"message":"E1007 12:14:25.018225   14072 watch.go:40] Failed to load config from \"c:\\\\laragon\\\\www\\\\Tropic-Colors\\\\dataconnect\": could not find dataconnect.yaml in `c:\\laragon\\www\\Tropic-Colors\\dataconnect`\n"}}
[debug] [2026-10-07T18:14:35.017Z] E1007 12:14:35.018168   14072 watch.go:40] Failed to load config from "c:\\laragon\\www\\Tropic-Colors\\dataconnect": could not find dataconnect.yaml in `c:\laragon\www\Tropic-Colors\dataconnect`
 {"metadata":{"emulator":{"name":"dataconnect"},"message":"E1007 12:14:35.018168   14072 watch.go:40] Failed to load config from \"c:\\\\laragon\\\\www\\\\Tropic-Colors\\\\dataconnect\": could not find dataconnect.yaml in `c:\\laragon\\www\\Tropic-Colors\\dataconnect`\n"}}
[debug] [2026-10-07T18:14:45.017Z] E1007 12:14:45.018010   14072 watch.go:40] Failed to load config from "c:\\laragon\\www\\Tropic-Colors\\dataconnect": could not find dataconnect.yaml in `c:\laragon\www\Tropic-Colors\dataconnect`
 {"metadata":{"emulator":{"name":"dataconnect"},"message":"E1007 12:14:45.018010   14072 watch.go:40] Failed to load config from \"c:\\\\laragon\\\\www\\\\Tropic-Colors\\\\dataconnect\": could not find dataconnect.yaml in `c:\\laragon\\www\\Tropic-Colors\\dataconnect`\n"}}
[debug] [2026-10-07T18:14:55.018Z] E1007 12:14:55.018183   14072 watch.go:40] Failed to load config from "c:\\laragon\\www\\Tropic-Colors\\dataconnect": could not find dataconnect.yaml in `c:\laragon\www\Tropic-Colors\dataconnect`
 {"metadata":{"emulator":{"name":"dataconnect"},"message":"E1007 12:14:55.018183   14072 watch.go:40] Failed to load config from \"c:\\\\laragon\\\\www\\\\Tropic-Colors\\\\dataconnect\": could not find dataconnect.yaml in `c:\\laragon\\www\\Tropic-Colors\\dataconnect`\n"}}
[debug] [2026-10-07T18:15:05.017Z] E1007 12:15:05.018126   14072 watch.go:40] Failed to load config from "c:\\laragon\\www\\Tropic-Colors\\dataconnect": could not find dataconnect.yaml in `c:\laragon\www\Tropic-Colors\dataconnect`
 {"metadata":{"emulator":{"name":"dataconnect"},"message":"E1007 12:15:05.018126   14072 watch.go:40] Failed to load config from \"c:\\\\laragon\\\\www\\\\Tropic-Colors\\\\dataconnect\": could not find dataconnect.yaml in `c:\\laragon\\www\\Tropic-Colors\\dataconnect`\n"}}
[debug] [2026-10-07T18:15:15.018Z] E1007 12:15:15.018241   14072 watch.go:40] Failed to load config from "c:\\laragon\\www\\Tropic-Colors\\dataconnect": could not find dataconnect.yaml in `c:\laragon\www\Tropic-Colors\dataconnect`
 {"metadata":{"emulator":{"name":"dataconnect"},"message":"E1007 12:15:15.018241   14072 watch.go:40] Failed to load config from \"c:\\\\laragon\\\\www\\\\Tropic-Colors\\\\dataconnect\": could not find dataconnect.yaml in `c:\\laragon\\www\\Tropic-Colors\\dataconnect`\n"}}
[debug] [2026-10-07T18:15:25.017Z] E1007 12:15:25.017818   14072 watch.go:40] Failed to load config from "c:\\laragon\\www\\Tropic-Colors\\dataconnect": could not find dataconnect.yaml in `c:\laragon\www\Tropic-Colors\dataconnect`
 {"metadata":{"emulator":{"name":"dataconnect"},"message":"E1007 12:15:25.017818   14072 watch.go:40] Failed to load config from \"c:\\\\laragon\\\\www\\\\Tropic-Colors\\\\dataconnect\": could not find dataconnect.yaml in `c:\\laragon\\www\\Tropic-Colors\\dataconnect`\n"}}
[debug] [2026-10-07T18:15:35.018Z] E1007 12:15:35.018158   14072 watch.go:40] Failed to load config from "c:\\laragon\\www\\Tropic-Colors\\dataconnect": could not find dataconnect.yaml in `c:\laragon\www\Tropic-Colors\dataconnect`
 {"metadata":{"emulator":{"name":"dataconnect"},"message":"E1007 12:15:35.018158   14072 watch.go:40] Failed to load config from \"c:\\\\laragon\\\\www\\\\Tropic-Colors\\\\dataconnect\": could not find dataconnect.yaml in `c:\\laragon\\www\\Tropic-Colors\\dataconnect`\n"}}
[debug] [2026-10-07T18:15:45.018Z] E1007 12:15:45.018212   14072 watch.go:40] Failed to load config from "c:\\laragon\\www\\Tropic-Colors\\dataconnect": could not find dataconnect.yaml in `c:\laragon\www\Tropic-Colors\dataconnect`
 {"metadata":{"emulator":{"name":"dataconnect"},"message":"E1007 12:15:45.018212   14072 watch.go:40] Failed to load config from \"c:\\\\laragon\\\\www\\\\Tropic-Colors\\\\dataconnect\": could not find dataconnect.yaml in `c:\\laragon\\www\\Tropic-Colors\\dataconnect`\n"}}
[debug] [2026-10-07T18:15:55.018Z] E1007 12:15:55.018262   14072 watch.go:40] Failed to load config from "c:\\laragon\\www\\Tropic-Colors\\dataconnect": could not find dataconnect.yaml in `c:\laragon\www\Tropic-Colors\dataconnect`
 {"metadata":{"emulator":{"name":"dataconnect"},"message":"E1007 12:15:55.018262   14072 watch.go:40] Failed to load config from \"c:\\\\laragon\\\\www\\\\Tropic-Colors\\\\dataconnect\": could not find dataconnect.yaml in `c:\\laragon\\www\\Tropic-Colors\\dataconnect`\n"}}
[debug] [2026-10-07T18:16:05.018Z] E1007 12:16:05.018064   14072 watch.go:40] Failed to load config from "c:\\laragon\\www\\Tropic-Colors\\dataconnect": could not find dataconnect.yaml in `c:\laragon\www\Tropic-Colors\dataconnect`
 {"metadata":{"emulator":{"name":"dataconnect"},"message":"E1007 12:16:05.018064   14072 watch.go:40] Failed to load config from \"c:\\\\laragon\\\\www\\\\Tropic-Colors\\\\dataconnect\": could not find dataconnect.yaml in `c:\\laragon\\www\\Tropic-Colors\\dataconnect`\n"}}
[debug] [2026-10-07T18:16:15.018Z] E1007 12:16:15.018869   14072 watch.go:40] Failed to load config from "c:\\laragon\\www\\Tropic-Colors\\dataconnect": could not find dataconnect.yaml in `c:\laragon\www\Tropic-Colors\dataconnect`
 {"metadata":{"emulator":{"name":"dataconnect"},"message":"E1007 12:16:15.018869   14072 watch.go:40] Failed to load config from \"c:\\\\laragon\\\\www\\\\Tropic-Colors\\\\dataconnect\": could not find dataconnect.yaml in `c:\\laragon\\www\\Tropic-Colors\\dataconnect`\n"}}
[debug] [2026-10-07T18:16:25.018Z] E1007 12:16:25.018142   14072 watch.go:40] Failed to load config from "c:\\laragon\\www\\Tropic-Colors\\dataconnect": could not find dataconnect.yaml in `c:\laragon\www\Tropic-Colors\dataconnect`
 {"metadata":{"emulator":{"name":"dataconnect"},"message":"E1007 12:16:25.018142   14072 watch.go:40] Failed to load config from \"c:\\\\laragon\\\\www\\\\Tropic-Colors\\\\dataconnect\": could not find dataconnect.yaml in `c:\\laragon\\www\\Tropic-Colors\\dataconnect`\n"}}
[debug] [2026-10-07T18:16:35.017Z] E1007 12:16:35.017914   14072 watch.go:40] Failed to load config from "c:\\laragon\\www\\Tropic-Colors\\dataconnect": could not find dataconnect.yaml in `c:\laragon\www\Tropic-Colors\dataconnect`
 {"metadata":{"emulator":{"name":"dataconnect"},"message":"E1007 12:16:35.017914   14072 watch.go:40] Failed to load config from \"c:\\\\laragon\\\\www\\\\Tropic-Colors\\\\dataconnect\": could not find dataconnect.yaml in `c:\\laragon\\www\\Tropic-Colors\\dataconnect`\n"}}
[debug] [2026-10-07T18:16:45.018Z] E1007 12:16:45.017910   14072 watch.go:40] Failed to load config from "c:\\laragon\\www\\Tropic-Colors\\dataconnect": could not find dataconnect.yaml in `c:\laragon\www\Tropic-Colors\dataconnect`
 {"metadata":{"emulator":{"name":"dataconnect"},"message":"E1007 12:16:45.017910   14072 watch.go:40] Failed to load config from \"c:\\\\laragon\\\\www\\\\Tropic-Colors\\\\dataconnect\": could not find dataconnect.yaml in `c:\\laragon\\www\\Tropic-Colors\\dataconnect`\n"}}
[debug] [2026-10-07T18:16:55.018Z] E1007 12:16:55.018322   14072 watch.go:40] Failed to load config from "c:\\laragon\\www\\Tropic-Colors\\dataconnect": could not find dataconnect.yaml in `c:\laragon\www\Tropic-Colors\dataconnect`
 {"metadata":{"emulator":{"name":"dataconnect"},"message":"E1007 12:16:55.018322   14072 watch.go:40] Failed to load config from \"c:\\\\laragon\\\\www\\\\Tropic-Colors\\\\dataconnect\": could not find dataconnect.yaml in `c:\\laragon\\www\\Tropic-Colors\\dataconnect`\n"}}
[debug] [2026-10-07T18:17:05.018Z] E1007 12:17:05.018023   14072 watch.go:40] Failed to load config from "c:\\laragon\\www\\Tropic-Colors\\dataconnect": could not find dataconnect.yaml in `c:\laragon\www\Tropic-Colors\dataconnect`
 {"metadata":{"emulator":{"name":"dataconnect"},"message":"E1007 12:17:05.018023   14072 watch.go:40] Failed to load config from \"c:\\\\laragon\\\\www\\\\Tropic-Colors\\\\dataconnect\": could not find dataconnect.yaml in `c:\\laragon\\www\\Tropic-Colors\\dataconnect`\n"}}
[debug] [2026-10-07T18:17:15.018Z] E1007 12:17:15.018025   14072 watch.go:40] Failed to load config from "c:\\laragon\\www\\Tropic-Colors\\dataconnect": could not find dataconnect.yaml in `c:\laragon\www\Tropic-Colors\dataconnect`
 {"metadata":{"emulator":{"name":"dataconnect"},"message":"E1007 12:17:15.018025   14072 watch.go:40] Failed to load config from \"c:\\\\laragon\\\\www\\\\Tropic-Colors\\\\dataconnect\": could not find dataconnect.yaml in `c:\\laragon\\www\\Tropic-Colors\\dataconnect`\n"}}
[debug] [2026-10-07T18:17:25.018Z] E1007 12:17:25.018264   14072 watch.go:40] Failed to load config from "c:\\laragon\\www\\Tropic-Colors\\dataconnect": could not find dataconnect.yaml in `c:\laragon\www\Tropic-Colors\dataconnect`
 {"metadata":{"emulator":{"name":"dataconnect"},"message":"E1007 12:17:25.018264   14072 watch.go:40] Failed to load config from \"c:\\\\laragon\\\\www\\\\Tropic-Colors\\\\dataconnect\": could not find dataconnect.yaml in `c:\\laragon\\www\\Tropic-Colors\\dataconnect`\n"}}
[debug] [2026-10-07T18:17:35.017Z] E1007 12:17:35.017935   14072 watch.go:40] Failed to load config from "c:\\laragon\\www\\Tropic-Colors\\dataconnect": could not find dataconnect.yaml in `c:\laragon\www\Tropic-Colors\dataconnect`
 {"metadata":{"emulator":{"name":"dataconnect"},"message":"E1007 12:17:35.017935   14072 watch.go:40] Failed to load config from \"c:\\\\laragon\\\\www\\\\Tropic-Colors\\\\dataconnect\": could not find dataconnect.yaml in `c:\\laragon\\www\\Tropic-Colors\\dataconnect`\n"}}
[debug] [2026-10-07T18:17:45.017Z] E1007 12:17:45.017860   14072 watch.go:40] Failed to load config from "c:\\laragon\\www\\Tropic-Colors\\dataconnect": could not find dataconnect.yaml in `c:\laragon\www\Tropic-Colors\dataconnect`
 {"metadata":{"emulator":{"name":"dataconnect"},"message":"E1007 12:17:45.017860   14072 watch.go:40] Failed to load config from \"c:\\\\laragon\\\\www\\\\Tropic-Colors\\\\dataconnect\": could not find dataconnect.yaml in `c:\\laragon\\www\\Tropic-Colors\\dataconnect`\n"}}
[debug] [2026-10-07T18:17:55.017Z] E1007 12:17:55.017928   14072 watch.go:40] Failed to load config from "c:\\laragon\\www\\Tropic-Colors\\dataconnect": could not find dataconnect.yaml in `c:\laragon\www\Tropic-Colors\dataconnect`
 {"metadata":{"emulator":{"name":"dataconnect"},"message":"E1007 12:17:55.017928   14072 watch.go:40] Failed to load config from \"c:\\\\laragon\\\\www\\\\Tropic-Colors\\\\dataconnect\": could not find dataconnect.yaml in `c:\\laragon\\www\\Tropic-Colors\\dataconnect`\n"}}
[debug] [2026-10-07T18:18:05.018Z] E1007 12:18:05.018149   14072 watch.go:40] Failed to load config from "c:\\laragon\\www\\Tropic-Colors\\dataconnect": could not find dataconnect.yaml in `c:\laragon\www\Tropic-Colors\dataconnect`
 {"metadata":{"emulator":{"name":"dataconnect"},"message":"E1007 12:18:05.018149   14072 watch.go:40] Failed to load config from \"c:\\\\laragon\\\\www\\\\Tropic-Colors\\\\dataconnect\": could not find dataconnect.yaml in `c:\\laragon\\www\\Tropic-Colors\\dataconnect`\n"}}
[debug] [2026-10-07T18:18:15.018Z] E1007 12:18:15.017976   14072 watch.go:40] Failed to load config from "c:\\laragon\\www\\Tropic-Colors\\dataconnect": could not find dataconnect.yaml in `c:\laragon\www\Tropic-Colors\dataconnect`
 {"metadata":{"emulator":{"name":"dataconnect"},"message":"E1007 12:18:15.017976   14072 watch.go:40] Failed to load config from \"c:\\\\laragon\\\\www\\\\Tropic-Colors\\\\dataconnect\": could not find dataconnect.yaml in `c:\\laragon\\www\\Tropic-Colors\\dataconnect`\n"}}
[debug] [2026-10-07T18:18:25.018Z] E1007 12:18:25.018472   14072 watch.go:40] Failed to load config from "c:\\laragon\\www\\Tropic-Colors\\dataconnect": could not find dataconnect.yaml in `c:\laragon\www\Tropic-Colors\dataconnect`
 {"metadata":{"emulator":{"name":"dataconnect"},"message":"E1007 12:18:25.018472   14072 watch.go:40] Failed to load config from \"c:\\\\laragon\\\\www\\\\Tropic-Colors\\\\dataconnect\": could not find dataconnect.yaml in `c:\\laragon\\www\\Tropic-Colors\\dataconnect`\n"}}
[debug] [2026-10-07T18:18:35.018Z] E1007 12:18:35.018147   14072 watch.go:40] Failed to load config from "c:\\laragon\\www\\Tropic-Colors\\dataconnect": could not find dataconnect.yaml in `c:\laragon\www\Tropic-Colors\dataconnect`
 {"metadata":{"emulator":{"name":"dataconnect"},"message":"E1007 12:18:35.018147   14072 watch.go:40] Failed to load config from \"c:\\\\laragon\\\\www\\\\Tropic-Colors\\\\dataconnect\": could not find dataconnect.yaml in `c:\\laragon\\www\\Tropic-Colors\\dataconnect`\n"}}
[debug] [2026-10-07T18:18:45.018Z] E1007 12:18:45.017906   14072 watch.go:40] Failed to load config from "c:\\laragon\\www\\Tropic-Colors\\dataconnect": could not find dataconnect.yaml in `c:\laragon\www\Tropic-Colors\dataconnect`
 {"metadata":{"emulator":{"name":"dataconnect"},"message":"E1007 12:18:45.017906   14072 watch.go:40] Failed to load config from \"c:\\\\laragon\\\\www\\\\Tropic-Colors\\\\dataconnect\": could not find dataconnect.yaml in `c:\\laragon\\www\\Tropic-Colors\\dataconnect`\n"}}
[debug] [2026-10-07T18:18:55.018Z] E1007 12:18:55.018437   14072 watch.go:40] Failed to load config from "c:\\laragon\\www\\Tropic-Colors\\dataconnect": could not find dataconnect.yaml in `c:\laragon\www\Tropic-Colors\dataconnect`
 {"metadata":{"emulator":{"name":"dataconnect"},"message":"E1007 12:18:55.018437   14072 watch.go:40] Failed to load config from \"c:\\\\laragon\\\\www\\\\Tropic-Colors\\\\dataconnect\": could not find dataconnect.yaml in `c:\\laragon\\www\\Tropic-Colors\\dataconnect`\n"}}
[debug] [2026-10-07T18:19:05.018Z] E1007 12:19:05.017961   14072 watch.go:40] Failed to load config from "c:\\laragon\\www\\Tropic-Colors\\dataconnect": could not find dataconnect.yaml in `c:\laragon\www\Tropic-Colors\dataconnect`
 {"metadata":{"emulator":{"name":"dataconnect"},"message":"E1007 12:19:05.017961   14072 watch.go:40] Failed to load config from \"c:\\\\laragon\\\\www\\\\Tropic-Colors\\\\dataconnect\": could not find dataconnect.yaml in `c:\\laragon\\www\\Tropic-Colors\\dataconnect`\n"}}
[debug] [2026-10-07T18:19:15.018Z] E1007 12:19:15.018248   14072 watch.go:40] Failed to load config from "c:\\laragon\\www\\Tropic-Colors\\dataconnect": could not find dataconnect.yaml in `c:\laragon\www\Tropic-Colors\dataconnect`
 {"metadata":{"emulator":{"name":"dataconnect"},"message":"E1007 12:19:15.018248   14072 watch.go:40] Failed to load config from \"c:\\\\laragon\\\\www\\\\Tropic-Colors\\\\dataconnect\": could not find dataconnect.yaml in `c:\\laragon\\www\\Tropic-Colors\\dataconnect`\n"}}
[debug] [2026-10-07T18:19:25.018Z] E1007 12:19:25.017951   14072 watch.go:40] Failed to load config from "c:\\laragon\\www\\Tropic-Colors\\dataconnect": could not find dataconnect.yaml in `c:\laragon\www\Tropic-Colors\dataconnect`
 {"metadata":{"emulator":{"name":"dataconnect"},"message":"E1007 12:19:25.017951   14072 watch.go:40] Failed to load config from \"c:\\\\laragon\\\\www\\\\Tropic-Colors\\\\dataconnect\": could not find dataconnect.yaml in `c:\\laragon\\www\\Tropic-Colors\\dataconnect`\n"}}
[debug] [2026-10-07T18:19:35.017Z] E1007 12:19:35.017791   14072 watch.go:40] Failed to load config from "c:\\laragon\\www\\Tropic-Colors\\dataconnect": could not find dataconnect.yaml in `c:\laragon\www\Tropic-Colors\dataconnect`
 {"metadata":{"emulator":{"name":"dataconnect"},"message":"E1007 12:19:35.017791   14072 watch.go:40] Failed to load config from \"c:\\\\laragon\\\\www\\\\Tropic-Colors\\\\dataconnect\": could not find dataconnect.yaml in `c:\\laragon\\www\\Tropic-Colors\\dataconnect`\n"}}
[debug] [2026-10-07T18:19:45.018Z] E1007 12:19:45.018179   14072 watch.go:40] Failed to load config from "c:\\laragon\\www\\Tropic-Colors\\dataconnect": could not find dataconnect.yaml in `c:\laragon\www\Tropic-Colors\dataconnect`
 {"metadata":{"emulator":{"name":"dataconnect"},"message":"E1007 12:19:45.018179   14072 watch.go:40] Failed to load config from \"c:\\\\laragon\\\\www\\\\Tropic-Colors\\\\dataconnect\": could not find dataconnect.yaml in `c:\\laragon\\www\\Tropic-Colors\\dataconnect`\n"}}
[debug] [2026-10-07T18:19:55.020Z] E1007 12:19:55.018261   14072 watch.go:40] Failed to load config from "c:\\laragon\\www\\Tropic-Colors\\dataconnect": could not find dataconnect.yaml in `c:\laragon\www\Tropic-Colors\dataconnect`
 {"metadata":{"emulator":{"name":"dataconnect"},"message":"E1007 12:19:55.018261   14072 watch.go:40] Failed to load config from \"c:\\\\laragon\\\\www\\\\Tropic-Colors\\\\dataconnect\": could not find dataconnect.yaml in `c:\\laragon\\www\\Tropic-Colors\\dataconnect`\n"}}
[debug] [2026-10-07T18:20:05.017Z] E1007 12:20:05.017878   14072 watch.go:40] Failed to load config from "c:\\laragon\\www\\Tropic-Colors\\dataconnect": could not find dataconnect.yaml in `c:\laragon\www\Tropic-Colors\dataconnect`
 {"metadata":{"emulator":{"name":"dataconnect"},"message":"E1007 12:20:05.017878   14072 watch.go:40] Failed to load config from \"c:\\\\laragon\\\\www\\\\Tropic-Colors\\\\dataconnect\": could not find dataconnect.yaml in `c:\\laragon\\www\\Tropic-Colors\\dataconnect`\n"}}
[debug] [2026-10-07T18:20:15.018Z] E1007 12:20:15.018180   14072 watch.go:40] Failed to load config from "c:\\laragon\\www\\Tropic-Colors\\dataconnect": could not find dataconnect.yaml in `c:\laragon\www\Tropic-Colors\dataconnect`
 {"metadata":{"emulator":{"name":"dataconnect"},"message":"E1007 12:20:15.018180   14072 watch.go:40] Failed to load config from \"c:\\\\laragon\\\\www\\\\Tropic-Colors\\\\dataconnect\": could not find dataconnect.yaml in `c:\\laragon\\www\\Tropic-Colors\\dataconnect`\n"}}
[debug] [2026-10-07T18:20:25.017Z] E1007 12:20:25.017862   14072 watch.go:40] Failed to load config from "c:\\laragon\\www\\Tropic-Colors\\dataconnect": could not find dataconnect.yaml in `c:\laragon\www\Tropic-Colors\dataconnect`
 {"metadata":{"emulator":{"name":"dataconnect"},"message":"E1007 12:20:25.017862   14072 watch.go:40] Failed to load config from \"c:\\\\laragon\\\\www\\\\Tropic-Colors\\\\dataconnect\": could not find dataconnect.yaml in `c:\\laragon\\www\\Tropic-Colors\\dataconnect`\n"}}
[debug] [2026-10-07T18:20:35.019Z] E1007 12:20:35.019479   14072 watch.go:40] Failed to load config from "c:\\laragon\\www\\Tropic-Colors\\dataconnect": could not find dataconnect.yaml in `c:\laragon\www\Tropic-Colors\dataconnect`
 {"metadata":{"emulator":{"name":"dataconnect"},"message":"E1007 12:20:35.019479   14072 watch.go:40] Failed to load config from \"c:\\\\laragon\\\\www\\\\Tropic-Colors\\\\dataconnect\": could not find dataconnect.yaml in `c:\\laragon\\www\\Tropic-Colors\\dataconnect`\n"}}
[debug] [2026-10-07T18:20:45.018Z] E1007 12:20:45.018044   14072 watch.go:40] Failed to load config from "c:\\laragon\\www\\Tropic-Colors\\dataconnect": could not find dataconnect.yaml in `c:\laragon\www\Tropic-Colors\dataconnect`
 {"metadata":{"emulator":{"name":"dataconnect"},"message":"E1007 12:20:45.018044   14072 watch.go:40] Failed to load config from \"c:\\\\laragon\\\\www\\\\Tropic-Colors\\\\dataconnect\": could not find dataconnect.yaml in `c:\\laragon\\www\\Tropic-Colors\\dataconnect`\n"}}
[debug] [2026-10-07T18:20:55.018Z] E1007 12:20:55.017983   14072 watch.go:40] Failed to load config from "c:\\laragon\\www\\Tropic-Colors\\dataconnect": could not find dataconnect.yaml in `c:\laragon\www\Tropic-Colors\dataconnect`
 {"metadata":{"emulator":{"name":"dataconnect"},"message":"E1007 12:20:55.017983   14072 watch.go:40] Failed to load config from \"c:\\\\laragon\\\\www\\\\Tropic-Colors\\\\dataconnect\": could not find dataconnect.yaml in `c:\\laragon\\www\\Tropic-Colors\\dataconnect`\n"}}
[debug] [2026-10-07T18:21:05.018Z] E1007 12:21:05.018094   14072 watch.go:40] Failed to load config from "c:\\laragon\\www\\Tropic-Colors\\dataconnect": could not find dataconnect.yaml in `c:\laragon\www\Tropic-Colors\dataconnect`
 {"metadata":{"emulator":{"name":"dataconnect"},"message":"E1007 12:21:05.018094   14072 watch.go:40] Failed to load config from \"c:\\\\laragon\\\\www\\\\Tropic-Colors\\\\dataconnect\": could not find dataconnect.yaml in `c:\\laragon\\www\\Tropic-Colors\\dataconnect`\n"}}
[debug] [2026-10-07T18:21:15.018Z] E1007 12:21:15.018357   14072 watch.go:40] Failed to load config from "c:\\laragon\\www\\Tropic-Colors\\dataconnect": could not find dataconnect.yaml in `c:\laragon\www\Tropic-Colors\dataconnect`
 {"metadata":{"emulator":{"name":"dataconnect"},"message":"E1007 12:21:15.018357   14072 watch.go:40] Failed to load config from \"c:\\\\laragon\\\\www\\\\Tropic-Colors\\\\dataconnect\": could not find dataconnect.yaml in `c:\\laragon\\www\\Tropic-Colors\\dataconnect`\n"}}
[debug] [2026-10-07T18:21:25.017Z] E1007 12:21:25.017836   14072 watch.go:40] Failed to load config from "c:\\laragon\\www\\Tropic-Colors\\dataconnect": could not find dataconnect.yaml in `c:\laragon\www\Tropic-Colors\dataconnect`
 {"metadata":{"emulator":{"name":"dataconnect"},"message":"E1007 12:21:25.017836   14072 watch.go:40] Failed to load config from \"c:\\\\laragon\\\\www\\\\Tropic-Colors\\\\dataconnect\": could not find dataconnect.yaml in `c:\\laragon\\www\\Tropic-Colors\\dataconnect`\n"}}
[debug] [2026-10-07T18:21:35.018Z] E1007 12:21:35.017796   14072 watch.go:40] Failed to load config from "c:\\laragon\\www\\Tropic-Colors\\dataconnect": could not find dataconnect.yaml in `c:\laragon\www\Tropic-Colors\dataconnect`
 {"metadata":{"emulator":{"name":"dataconnect"},"message":"E1007 12:21:35.017796   14072 watch.go:40] Failed to load config from \"c:\\\\laragon\\\\www\\\\Tropic-Colors\\\\dataconnect\": could not find dataconnect.yaml in `c:\\laragon\\www\\Tropic-Colors\\dataconnect`\n"}}
[debug] [2026-10-07T18:21:45.018Z] E1007 12:21:45.018134   14072 watch.go:40] Failed to load config from "c:\\laragon\\www\\Tropic-Colors\\dataconnect": could not find dataconnect.yaml in `c:\laragon\www\Tropic-Colors\dataconnect`
 {"metadata":{"emulator":{"name":"dataconnect"},"message":"E1007 12:21:45.018134   14072 watch.go:40] Failed to load config from \"c:\\\\laragon\\\\www\\\\Tropic-Colors\\\\dataconnect\": could not find dataconnect.yaml in `c:\\laragon\\www\\Tropic-Colors\\dataconnect`\n"}}
[debug] [2026-10-07T18:21:55.018Z] E1007 12:21:55.018385   14072 watch.go:40] Failed to load config from "c:\\laragon\\www\\Tropic-Colors\\dataconnect": could not find dataconnect.yaml in `c:\laragon\www\Tropic-Colors\dataconnect`
 {"metadata":{"emulator":{"name":"dataconnect"},"message":"E1007 12:21:55.018385   14072 watch.go:40] Failed to load config from \"c:\\\\laragon\\\\www\\\\Tropic-Colors\\\\dataconnect\": could not find dataconnect.yaml in `c:\\laragon\\www\\Tropic-Colors\\dataconnect`\n"}}
[debug] [2026-10-07T18:22:05.033Z] E1007 12:22:05.017932   14072 watch.go:40] Failed to load config from "c:\\laragon\\www\\Tropic-Colors\\dataconnect": could not find dataconnect.yaml in `c:\laragon\www\Tropic-Colors\dataconnect`
 {"metadata":{"emulator":{"name":"dataconnect"},"message":"E1007 12:22:05.017932   14072 watch.go:40] Failed to load config from \"c:\\\\laragon\\\\www\\\\Tropic-Colors\\\\dataconnect\": could not find dataconnect.yaml in `c:\\laragon\\www\\Tropic-Colors\\dataconnect`\n"}}
[debug] [2026-10-07T18:22:15.018Z] E1007 12:22:15.017828   14072 watch.go:40] Failed to load config from "c:\\laragon\\www\\Tropic-Colors\\dataconnect": could not find dataconnect.yaml in `c:\laragon\www\Tropic-Colors\dataconnect`
 {"metadata":{"emulator":{"name":"dataconnect"},"message":"E1007 12:22:15.017828   14072 watch.go:40] Failed to load config from \"c:\\\\laragon\\\\www\\\\Tropic-Colors\\\\dataconnect\": could not find dataconnect.yaml in `c:\\laragon\\www\\Tropic-Colors\\dataconnect`\n"}}
[debug] [2026-10-07T18:22:25.018Z] E1007 12:22:25.017919   14072 watch.go:40] Failed to load config from "c:\\laragon\\www\\Tropic-Colors\\dataconnect": could not find dataconnect.yaml in `c:\laragon\www\Tropic-Colors\dataconnect`
 {"metadata":{"emulator":{"name":"dataconnect"},"message":"E1007 12:22:25.017919   14072 watch.go:40] Failed to load config from \"c:\\\\laragon\\\\www\\\\Tropic-Colors\\\\dataconnect\": could not find dataconnect.yaml in `c:\\laragon\\www\\Tropic-Colors\\dataconnect`\n"}}
[debug] [2026-10-07T18:22:35.018Z] E1007 12:22:35.018067   14072 watch.go:40] Failed to load config from "c:\\laragon\\www\\Tropic-Colors\\dataconnect": could not find dataconnect.yaml in `c:\laragon\www\Tropic-Colors\dataconnect`
 {"metadata":{"emulator":{"name":"dataconnect"},"message":"E1007 12:22:35.018067   14072 watch.go:40] Failed to load config from \"c:\\\\laragon\\\\www\\\\Tropic-Colors\\\\dataconnect\": could not find dataconnect.yaml in `c:\\laragon\\www\\Tropic-Colors\\dataconnect`\n"}}
[debug] [2026-10-07T18:22:45.017Z] E1007 12:22:45.017832   14072 watch.go:40] Failed to load config from "c:\\laragon\\www\\Tropic-Colors\\dataconnect": could not find dataconnect.yaml in `c:\laragon\www\Tropic-Colors\dataconnect`
 {"metadata":{"emulator":{"name":"dataconnect"},"message":"E1007 12:22:45.017832   14072 watch.go:40] Failed to load config from \"c:\\\\laragon\\\\www\\\\Tropic-Colors\\\\dataconnect\": could not find dataconnect.yaml in `c:\\laragon\\www\\Tropic-Colors\\dataconnect`\n"}}
[debug] [2026-10-07T18:22:55.018Z] E1007 12:22:55.018219   14072 watch.go:40] Failed to load config from "c:\\laragon\\www\\Tropic-Colors\\dataconnect": could not find dataconnect.yaml in `c:\laragon\www\Tropic-Colors\dataconnect`
 {"metadata":{"emulator":{"name":"dataconnect"},"message":"E1007 12:22:55.018219   14072 watch.go:40] Failed to load config from \"c:\\\\laragon\\\\www\\\\Tropic-Colors\\\\dataconnect\": could not find dataconnect.yaml in `c:\\laragon\\www\\Tropic-Colors\\dataconnect`\n"}}
[debug] [2026-10-07T18:23:05.022Z] E1007 12:23:05.018150   14072 watch.go:40] Failed to load config from "c:\\laragon\\www\\Tropic-Colors\\dataconnect": could not find dataconnect.yaml in `c:\laragon\www\Tropic-Colors\dataconnect`
 {"metadata":{"emulator":{"name":"dataconnect"},"message":"E1007 12:23:05.018150   14072 watch.go:40] Failed to load config from \"c:\\\\laragon\\\\www\\\\Tropic-Colors\\\\dataconnect\": could not find dataconnect.yaml in `c:\\laragon\\www\\Tropic-Colors\\dataconnect`\n"}}
[debug] [2026-10-07T18:23:15.018Z] E1007 12:23:15.018016   14072 watch.go:40] Failed to load config from "c:\\laragon\\www\\Tropic-Colors\\dataconnect": could not find dataconnect.yaml in `c:\laragon\www\Tropic-Colors\dataconnect`
 {"metadata":{"emulator":{"name":"dataconnect"},"message":"E1007 12:23:15.018016   14072 watch.go:40] Failed to load config from \"c:\\\\laragon\\\\www\\\\Tropic-Colors\\\\dataconnect\": could not find dataconnect.yaml in `c:\\laragon\\www\\Tropic-Colors\\dataconnect`\n"}}
[debug] [2026-10-07T18:23:25.017Z] E1007 12:23:25.017783   14072 watch.go:40] Failed to load config from "c:\\laragon\\www\\Tropic-Colors\\dataconnect": could not find dataconnect.yaml in `c:\laragon\www\Tropic-Colors\dataconnect`
 {"metadata":{"emulator":{"name":"dataconnect"},"message":"E1007 12:23:25.017783   14072 watch.go:40] Failed to load config from \"c:\\\\laragon\\\\www\\\\Tropic-Colors\\\\dataconnect\": could not find dataconnect.yaml in `c:\\laragon\\www\\Tropic-Colors\\dataconnect`\n"}}
[debug] [2026-10-07T18:23:35.018Z] E1007 12:23:35.018067   14072 watch.go:40] Failed to load config from "c:\\laragon\\www\\Tropic-Colors\\dataconnect": could not find dataconnect.yaml in `c:\laragon\www\Tropic-Colors\dataconnect`
 {"metadata":{"emulator":{"name":"dataconnect"},"message":"E1007 12:23:35.018067   14072 watch.go:40] Failed to load config from \"c:\\\\laragon\\\\www\\\\Tropic-Colors\\\\dataconnect\": could not find dataconnect.yaml in `c:\\laragon\\www\\Tropic-Colors\\dataconnect`\n"}}
[debug] [2026-10-07T18:23:45.018Z] E1007 12:23:45.018345   14072 watch.go:40] Failed to load config from "c:\\laragon\\www\\Tropic-Colors\\dataconnect": could not find dataconnect.yaml in `c:\laragon\www\Tropic-Colors\dataconnect`
 {"metadata":{"emulator":{"name":"dataconnect"},"message":"E1007 12:23:45.018345   14072 watch.go:40] Failed to load config from \"c:\\\\laragon\\\\www\\\\Tropic-Colors\\\\dataconnect\": could not find dataconnect.yaml in `c:\\laragon\\www\\Tropic-Colors\\dataconnect`\n"}}
[debug] [2026-10-07T18:23:55.017Z] E1007 12:23:55.017902   14072 watch.go:40] Failed to load config from "c:\\laragon\\www\\Tropic-Colors\\dataconnect": could not find dataconnect.yaml in `c:\laragon\www\Tropic-Colors\dataconnect`
 {"metadata":{"emulator":{"name":"dataconnect"},"message":"E1007 12:23:55.017902   14072 watch.go:40] Failed to load config from \"c:\\\\laragon\\\\www\\\\Tropic-Colors\\\\dataconnect\": could not find dataconnect.yaml in `c:\\laragon\\www\\Tropic-Colors\\dataconnect`\n"}}
[debug] [2026-10-07T18:24:05.024Z] E1007 12:24:05.017779   14072 watch.go:40] Failed to load config from "c:\\laragon\\www\\Tropic-Colors\\dataconnect": could not find dataconnect.yaml in `c:\laragon\www\Tropic-Colors\dataconnect`
 {"metadata":{"emulator":{"name":"dataconnect"},"message":"E1007 12:24:05.017779   14072 watch.go:40] Failed to load config from \"c:\\\\laragon\\\\www\\\\Tropic-Colors\\\\dataconnect\": could not find dataconnect.yaml in `c:\\laragon\\www\\Tropic-Colors\\dataconnect`\n"}}
[debug] [2026-10-07T18:24:15.018Z] E1007 12:24:15.018208   14072 watch.go:40] Failed to load config from "c:\\laragon\\www\\Tropic-Colors\\dataconnect": could not find dataconnect.yaml in `c:\laragon\www\Tropic-Colors\dataconnect`
 {"metadata":{"emulator":{"name":"dataconnect"},"message":"E1007 12:24:15.018208   14072 watch.go:40] Failed to load config from \"c:\\\\laragon\\\\www\\\\Tropic-Colors\\\\dataconnect\": could not find dataconnect.yaml in `c:\\laragon\\www\\Tropic-Colors\\dataconnect`\n"}}
[debug] [2026-10-07T18:24:25.018Z] E1007 12:24:25.018015   14072 watch.go:40] Failed to load config from "c:\\laragon\\www\\Tropic-Colors\\dataconnect": could not find dataconnect.yaml in `c:\laragon\www\Tropic-Colors\dataconnect`
 {"metadata":{"emulator":{"name":"dataconnect"},"message":"E1007 12:24:25.018015   14072 watch.go:40] Failed to load config from \"c:\\\\laragon\\\\www\\\\Tropic-Colors\\\\dataconnect\": could not find dataconnect.yaml in `c:\\laragon\\www\\Tropic-Colors\\dataconnect`\n"}}
[debug] [2026-10-07T18:24:35.018Z] E1007 12:24:35.018167   14072 watch.go:40] Failed to load config from "c:\\laragon\\www\\Tropic-Colors\\dataconnect": could not find dataconnect.yaml in `c:\laragon\www\Tropic-Colors\dataconnect`
 {"metadata":{"emulator":{"name":"dataconnect"},"message":"E1007 12:24:35.018167   14072 watch.go:40] Failed to load config from \"c:\\\\laragon\\\\www\\\\Tropic-Colors\\\\dataconnect\": could not find dataconnect.yaml in `c:\\laragon\\www\\Tropic-Colors\\dataconnect`\n"}}
[debug] [2026-10-07T18:24:45.018Z] E1007 12:24:45.017970   14072 watch.go:40] Failed to load config from "c:\\laragon\\www\\Tropic-Colors\\dataconnect": could not find dataconnect.yaml in `c:\laragon\www\Tropic-Colors\dataconnect`
 {"metadata":{"emulator":{"name":"dataconnect"},"message":"E1007 12:24:45.017970   14072 watch.go:40] Failed to load config from \"c:\\\\laragon\\\\www\\\\Tropic-Colors\\\\dataconnect\": could not find dataconnect.yaml in `c:\\laragon\\www\\Tropic-Colors\\dataconnect`\n"}}
[debug] [2026-10-07T18:24:55.018Z] E1007 12:24:55.018396   14072 watch.go:40] Failed to load config from "c:\\laragon\\www\\Tropic-Colors\\dataconnect": could not find dataconnect.yaml in `c:\laragon\www\Tropic-Colors\dataconnect`
 {"metadata":{"emulator":{"name":"dataconnect"},"message":"E1007 12:24:55.018396   14072 watch.go:40] Failed to load config from \"c:\\\\laragon\\\\www\\\\Tropic-Colors\\\\dataconnect\": could not find dataconnect.yaml in `c:\\laragon\\www\\Tropic-Colors\\dataconnect`\n"}}
[debug] [2026-10-07T18:25:05.027Z] E1007 12:25:05.017888   14072 watch.go:40] Failed to load config from "c:\\laragon\\www\\Tropic-Colors\\dataconnect": could not find dataconnect.yaml in `c:\laragon\www\Tropic-Colors\dataconnect`
 {"metadata":{"emulator":{"name":"dataconnect"},"message":"E1007 12:25:05.017888   14072 watch.go:40] Failed to load config from \"c:\\\\laragon\\\\www\\\\Tropic-Colors\\\\dataconnect\": could not find dataconnect.yaml in `c:\\laragon\\www\\Tropic-Colors\\dataconnect`\n"}}
[debug] [2026-10-07T18:25:15.018Z] E1007 12:25:15.017900   14072 watch.go:40] Failed to load config from "c:\\laragon\\www\\Tropic-Colors\\dataconnect": could not find dataconnect.yaml in `c:\laragon\www\Tropic-Colors\dataconnect`
 {"metadata":{"emulator":{"name":"dataconnect"},"message":"E1007 12:25:15.017900   14072 watch.go:40] Failed to load config from \"c:\\\\laragon\\\\www\\\\Tropic-Colors\\\\dataconnect\": could not find dataconnect.yaml in `c:\\laragon\\www\\Tropic-Colors\\dataconnect`\n"}}
[debug] [2026-10-07T18:25:25.018Z] E1007 12:25:25.018172   14072 watch.go:40] Failed to load config from "c:\\laragon\\www\\Tropic-Colors\\dataconnect": could not find dataconnect.yaml in `c:\laragon\www\Tropic-Colors\dataconnect`
 {"metadata":{"emulator":{"name":"dataconnect"},"message":"E1007 12:25:25.018172   14072 watch.go:40] Failed to load config from \"c:\\\\laragon\\\\www\\\\Tropic-Colors\\\\dataconnect\": could not find dataconnect.yaml in `c:\\laragon\\www\\Tropic-Colors\\dataconnect`\n"}}
[debug] [2026-10-07T18:25:35.018Z] E1007 12:25:35.018188   14072 watch.go:40] Failed to load config from "c:\\laragon\\www\\Tropic-Colors\\dataconnect": could not find dataconnect.yaml in `c:\laragon\www\Tropic-Colors\dataconnect`
 {"metadata":{"emulator":{"name":"dataconnect"},"message":"E1007 12:25:35.018188   14072 watch.go:40] Failed to load config from \"c:\\\\laragon\\\\www\\\\Tropic-Colors\\\\dataconnect\": could not find dataconnect.yaml in `c:\\laragon\\www\\Tropic-Colors\\dataconnect`\n"}}
[debug] [2026-10-07T18:25:45.017Z] E1007 12:25:45.017820   14072 watch.go:40] Failed to load config from "c:\\laragon\\www\\Tropic-Colors\\dataconnect": could not find dataconnect.yaml in `c:\laragon\www\Tropic-Colors\dataconnect`
 {"metadata":{"emulator":{"name":"dataconnect"},"message":"E1007 12:25:45.017820   14072 watch.go:40] Failed to load config from \"c:\\\\laragon\\\\www\\\\Tropic-Colors\\\\dataconnect\": could not find dataconnect.yaml in `c:\\laragon\\www\\Tropic-Colors\\dataconnect`\n"}}
[debug] [2026-10-07T18:25:55.018Z] E1007 12:25:55.017978   14072 watch.go:40] Failed to load config from "c:\\laragon\\www\\Tropic-Colors\\dataconnect": could not find dataconnect.yaml in `c:\laragon\www\Tropic-Colors\dataconnect`
 {"metadata":{"emulator":{"name":"dataconnect"},"message":"E1007 12:25:55.017978   14072 watch.go:40] Failed to load config from \"c:\\\\laragon\\\\www\\\\Tropic-Colors\\\\dataconnect\": could not find dataconnect.yaml in `c:\\laragon\\www\\Tropic-Colors\\dataconnect`\n"}}
[debug] [2026-10-07T18:26:05.018Z] E1007 12:26:05.018192   14072 watch.go:40] Failed to load config from "c:\\laragon\\www\\Tropic-Colors\\dataconnect": could not find dataconnect.yaml in `c:\laragon\www\Tropic-Colors\dataconnect`
 {"metadata":{"emulator":{"name":"dataconnect"},"message":"E1007 12:26:05.018192   14072 watch.go:40] Failed to load config from \"c:\\\\laragon\\\\www\\\\Tropic-Colors\\\\dataconnect\": could not find dataconnect.yaml in `c:\\laragon\\www\\Tropic-Colors\\dataconnect`\n"}}
[debug] [2026-10-07T18:26:15.018Z] E1007 12:26:15.018198   14072 watch.go:40] Failed to load config from "c:\\laragon\\www\\Tropic-Colors\\dataconnect": could not find dataconnect.yaml in `c:\laragon\www\Tropic-Colors\dataconnect`
 {"metadata":{"emulator":{"name":"dataconnect"},"message":"E1007 12:26:15.018198   14072 watch.go:40] Failed to load config from \"c:\\\\laragon\\\\www\\\\Tropic-Colors\\\\dataconnect\": could not find dataconnect.yaml in `c:\\laragon\\www\\Tropic-Colors\\dataconnect`\n"}}
[debug] [2026-10-07T18:26:25.018Z] E1007 12:26:25.017823   14072 watch.go:40] Failed to load config from "c:\\laragon\\www\\Tropic-Colors\\dataconnect": could not find dataconnect.yaml in `c:\laragon\www\Tropic-Colors\dataconnect`
 {"metadata":{"emulator":{"name":"dataconnect"},"message":"E1007 12:26:25.017823   14072 watch.go:40] Failed to load config from \"c:\\\\laragon\\\\www\\\\Tropic-Colors\\\\dataconnect\": could not find dataconnect.yaml in `c:\\laragon\\www\\Tropic-Colors\\dataconnect`\n"}}
[debug] [2026-10-07T18:26:35.018Z] E1007 12:26:35.018069   14072 watch.go:40] Failed to load config from "c:\\laragon\\www\\Tropic-Colors\\dataconnect": could not find dataconnect.yaml in `c:\laragon\www\Tropic-Colors\dataconnect`
 {"metadata":{"emulator":{"name":"dataconnect"},"message":"E1007 12:26:35.018069   14072 watch.go:40] Failed to load config from \"c:\\\\laragon\\\\www\\\\Tropic-Colors\\\\dataconnect\": could not find dataconnect.yaml in `c:\\laragon\\www\\Tropic-Colors\\dataconnect`\n"}}
[debug] [2026-10-07T18:26:45.018Z] E1007 12:26:45.018144   14072 watch.go:40] Failed to load config from "c:\\laragon\\www\\Tropic-Colors\\dataconnect": could not find dataconnect.yaml in `c:\laragon\www\Tropic-Colors\dataconnect`
 {"metadata":{"emulator":{"name":"dataconnect"},"message":"E1007 12:26:45.018144   14072 watch.go:40] Failed to load config from \"c:\\\\laragon\\\\www\\\\Tropic-Colors\\\\dataconnect\": could not find dataconnect.yaml in `c:\\laragon\\www\\Tropic-Colors\\dataconnect`\n"}}
[debug] [2026-10-07T18:26:55.018Z] E1007 12:26:55.018294   14072 watch.go:40] Failed to load config from "c:\\laragon\\www\\Tropic-Colors\\dataconnect": could not find dataconnect.yaml in `c:\laragon\www\Tropic-Colors\dataconnect`
 {"metadata":{"emulator":{"name":"dataconnect"},"message":"E1007 12:26:55.018294   14072 watch.go:40] Failed to load config from \"c:\\\\laragon\\\\www\\\\Tropic-Colors\\\\dataconnect\": could not find dataconnect.yaml in `c:\\laragon\\www\\Tropic-Colors\\dataconnect`\n"}}
[debug] [2026-10-07T18:27:05.018Z] E1007 12:27:05.018137   14072 watch.go:40] Failed to load config from "c:\\laragon\\www\\Tropic-Colors\\dataconnect": could not find dataconnect.yaml in `c:\laragon\www\Tropic-Colors\dataconnect`
 {"metadata":{"emulator":{"name":"dataconnect"},"message":"E1007 12:27:05.018137   14072 watch.go:40] Failed to load config from \"c:\\\\laragon\\\\www\\\\Tropic-Colors\\\\dataconnect\": could not find dataconnect.yaml in `c:\\laragon\\www\\Tropic-Colors\\dataconnect`\n"}}
[debug] [2026-10-07T18:27:15.018Z] E1007 12:27:15.018040   14072 watch.go:40] Failed to load config from "c:\\laragon\\www\\Tropic-Colors\\dataconnect": could not find dataconnect.yaml in `c:\laragon\www\Tropic-Colors\dataconnect`
 {"metadata":{"emulator":{"name":"dataconnect"},"message":"E1007 12:27:15.018040   14072 watch.go:40] Failed to load config from \"c:\\\\laragon\\\\www\\\\Tropic-Colors\\\\dataconnect\": could not find dataconnect.yaml in `c:\\laragon\\www\\Tropic-Colors\\dataconnect`\n"}}
[debug] [2026-10-07T18:27:25.017Z] E1007 12:27:25.017833   14072 watch.go:40] Failed to load config from "c:\\laragon\\www\\Tropic-Colors\\dataconnect": could not find dataconnect.yaml in `c:\laragon\www\Tropic-Colors\dataconnect`
 {"metadata":{"emulator":{"name":"dataconnect"},"message":"E1007 12:27:25.017833   14072 watch.go:40] Failed to load config from \"c:\\\\laragon\\\\www\\\\Tropic-Colors\\\\dataconnect\": could not find dataconnect.yaml in `c:\\laragon\\www\\Tropic-Colors\\dataconnect`\n"}}
[debug] [2026-10-07T18:27:35.018Z] E1007 12:27:35.017866   14072 watch.go:40] Failed to load config from "c:\\laragon\\www\\Tropic-Colors\\dataconnect": could not find dataconnect.yaml in `c:\laragon\www\Tropic-Colors\dataconnect`
 {"metadata":{"emulator":{"name":"dataconnect"},"message":"E1007 12:27:35.017866   14072 watch.go:40] Failed to load config from \"c:\\\\laragon\\\\www\\\\Tropic-Colors\\\\dataconnect\": could not find dataconnect.yaml in `c:\\laragon\\www\\Tropic-Colors\\dataconnect`\n"}}
[debug] [2026-10-07T18:27:45.018Z] E1007 12:27:45.018107   14072 watch.go:40] Failed to load config from "c:\\laragon\\www\\Tropic-Colors\\dataconnect": could not find dataconnect.yaml in `c:\laragon\www\Tropic-Colors\dataconnect`
 {"metadata":{"emulator":{"name":"dataconnect"},"message":"E1007 12:27:45.018107   14072 watch.go:40] Failed to load config from \"c:\\\\laragon\\\\www\\\\Tropic-Colors\\\\dataconnect\": could not find dataconnect.yaml in `c:\\laragon\\www\\Tropic-Colors\\dataconnect`\n"}}
[debug] [2026-10-07T18:27:55.018Z] E1007 12:27:55.017993   14072 watch.go:40] Failed to load config from "c:\\laragon\\www\\Tropic-Colors\\dataconnect": could not find dataconnect.yaml in `c:\laragon\www\Tropic-Colors\dataconnect`
 {"metadata":{"emulator":{"name":"dataconnect"},"message":"E1007 12:27:55.017993   14072 watch.go:40] Failed to load config from \"c:\\\\laragon\\\\www\\\\Tropic-Colors\\\\dataconnect\": could not find dataconnect.yaml in `c:\\laragon\\www\\Tropic-Colors\\dataconnect`\n"}}
[debug] [2026-10-07T18:28:05.018Z] E1007 12:28:05.018178   14072 watch.go:40] Failed to load config from "c:\\laragon\\www\\Tropic-Colors\\dataconnect": could not find dataconnect.yaml in `c:\laragon\www\Tropic-Colors\dataconnect`
 {"metadata":{"emulator":{"name":"dataconnect"},"message":"E1007 12:28:05.018178   14072 watch.go:40] Failed to load config from \"c:\\\\laragon\\\\www\\\\Tropic-Colors\\\\dataconnect\": could not find dataconnect.yaml in `c:\\laragon\\www\\Tropic-Colors\\dataconnect`\n"}}
[debug] [2026-10-07T18:28:15.018Z] E1007 12:28:15.018091   14072 watch.go:40] Failed to load config from "c:\\laragon\\www\\Tropic-Colors\\dataconnect": could not find dataconnect.yaml in `c:\laragon\www\Tropic-Colors\dataconnect`
 {"metadata":{"emulator":{"name":"dataconnect"},"message":"E1007 12:28:15.018091   14072 watch.go:40] Failed to load config from \"c:\\\\laragon\\\\www\\\\Tropic-Colors\\\\dataconnect\": could not find dataconnect.yaml in `c:\\laragon\\www\\Tropic-Colors\\dataconnect`\n"}}
[debug] [2026-10-07T18:28:25.018Z] E1007 12:28:25.017859   14072 watch.go:40] Failed to load config from "c:\\laragon\\www\\Tropic-Colors\\dataconnect": could not find dataconnect.yaml in `c:\laragon\www\Tropic-Colors\dataconnect`
 {"metadata":{"emulator":{"name":"dataconnect"},"message":"E1007 12:28:25.017859   14072 watch.go:40] Failed to load config from \"c:\\\\laragon\\\\www\\\\Tropic-Colors\\\\dataconnect\": could not find dataconnect.yaml in `c:\\laragon\\www\\Tropic-Colors\\dataconnect`\n"}}
[debug] [2026-10-07T18:28:35.019Z] E1007 12:28:35.018160   14072 watch.go:40] Failed to load config from "c:\\laragon\\www\\Tropic-Colors\\dataconnect": could not find dataconnect.yaml in `c:\laragon\www\Tropic-Colors\dataconnect`
 {"metadata":{"emulator":{"name":"dataconnect"},"message":"E1007 12:28:35.018160   14072 watch.go:40] Failed to load config from \"c:\\\\laragon\\\\www\\\\Tropic-Colors\\\\dataconnect\": could not find dataconnect.yaml in `c:\\laragon\\www\\Tropic-Colors\\dataconnect`\n"}}
[debug] [2026-10-07T18:28:45.018Z] E1007 12:28:45.018138   14072 watch.go:40] Failed to load config from "c:\\laragon\\www\\Tropic-Colors\\dataconnect": could not find dataconnect.yaml in `c:\laragon\www\Tropic-Colors\dataconnect`
 {"metadata":{"emulator":{"name":"dataconnect"},"message":"E1007 12:28:45.018138   14072 watch.go:40] Failed to load config from \"c:\\\\laragon\\\\www\\\\Tropic-Colors\\\\dataconnect\": could not find dataconnect.yaml in `c:\\laragon\\www\\Tropic-Colors\\dataconnect`\n"}}
[debug] [2026-10-07T18:28:55.018Z] E1007 12:28:55.018292   14072 watch.go:40] Failed to load config from "c:\\laragon\\www\\Tropic-Colors\\dataconnect": could not find dataconnect.yaml in `c:\laragon\www\Tropic-Colors\dataconnect`
 {"metadata":{"emulator":{"name":"dataconnect"},"message":"E1007 12:28:55.018292   14072 watch.go:40] Failed to load config from \"c:\\\\laragon\\\\www\\\\Tropic-Colors\\\\dataconnect\": could not find dataconnect.yaml in `c:\\laragon\\www\\Tropic-Colors\\dataconnect`\n"}}
[debug] [2026-10-07T18:29:05.018Z] E1007 12:29:05.017869   14072 watch.go:40] Failed to load config from "c:\\laragon\\www\\Tropic-Colors\\dataconnect": could not find dataconnect.yaml in `c:\laragon\www\Tropic-Colors\dataconnect`
 {"metadata":{"emulator":{"name":"dataconnect"},"message":"E1007 12:29:05.017869   14072 watch.go:40] Failed to load config from \"c:\\\\laragon\\\\www\\\\Tropic-Colors\\\\dataconnect\": could not find dataconnect.yaml in `c:\\laragon\\www\\Tropic-Colors\\dataconnect`\n"}}
[debug] [2026-10-07T18:29:15.018Z] E1007 12:29:15.017863   14072 watch.go:40] Failed to load config from "c:\\laragon\\www\\Tropic-Colors\\dataconnect": could not find dataconnect.yaml in `c:\laragon\www\Tropic-Colors\dataconnect`
 {"metadata":{"emulator":{"name":"dataconnect"},"message":"E1007 12:29:15.017863   14072 watch.go:40] Failed to load config from \"c:\\\\laragon\\\\www\\\\Tropic-Colors\\\\dataconnect\": could not find dataconnect.yaml in `c:\\laragon\\www\\Tropic-Colors\\dataconnect`\n"}}
[debug] [2026-10-07T18:29:25.018Z] E1007 12:29:25.017983   14072 watch.go:40] Failed to load config from "c:\\laragon\\www\\Tropic-Colors\\dataconnect": could not find dataconnect.yaml in `c:\laragon\www\Tropic-Colors\dataconnect`
 {"metadata":{"emulator":{"name":"dataconnect"},"message":"E1007 12:29:25.017983   14072 watch.go:40] Failed to load config from \"c:\\\\laragon\\\\www\\\\Tropic-Colors\\\\dataconnect\": could not find dataconnect.yaml in `c:\\laragon\\www\\Tropic-Colors\\dataconnect`\n"}}
[debug] [2026-10-07T18:29:35.018Z] E1007 12:29:35.018161   14072 watch.go:40] Failed to load config from "c:\\laragon\\www\\Tropic-Colors\\dataconnect": could not find dataconnect.yaml in `c:\laragon\www\Tropic-Colors\dataconnect`
 {"metadata":{"emulator":{"name":"dataconnect"},"message":"E1007 12:29:35.018161   14072 watch.go:40] Failed to load config from \"c:\\\\laragon\\\\www\\\\Tropic-Colors\\\\dataconnect\": could not find dataconnect.yaml in `c:\\laragon\\www\\Tropic-Colors\\dataconnect`\n"}}
[debug] [2026-10-07T18:29:45.018Z] E1007 12:29:45.018230   14072 watch.go:40] Failed to load config from "c:\\laragon\\www\\Tropic-Colors\\dataconnect": could not find dataconnect.yaml in `c:\laragon\www\Tropic-Colors\dataconnect`
 {"metadata":{"emulator":{"name":"dataconnect"},"message":"E1007 12:29:45.018230   14072 watch.go:40] Failed to load config from \"c:\\\\laragon\\\\www\\\\Tropic-Colors\\\\dataconnect\": could not find dataconnect.yaml in `c:\\laragon\\www\\Tropic-Colors\\dataconnect`\n"}}
[debug] [2026-10-07T18:29:55.018Z] E1007 12:29:55.018110   14072 watch.go:40] Failed to load config from "c:\\laragon\\www\\Tropic-Colors\\dataconnect": could not find dataconnect.yaml in `c:\laragon\www\Tropic-Colors\dataconnect`
 {"metadata":{"emulator":{"name":"dataconnect"},"message":"E1007 12:29:55.018110   14072 watch.go:40] Failed to load config from \"c:\\\\laragon\\\\www\\\\Tropic-Colors\\\\dataconnect\": could not find dataconnect.yaml in `c:\\laragon\\www\\Tropic-Colors\\dataconnect`\n"}}
[debug] [2026-10-07T18:30:05.017Z] E1007 12:30:05.018242   14072 watch.go:40] Failed to load config from "c:\\laragon\\www\\Tropic-Colors\\dataconnect": could not find dataconnect.yaml in `c:\laragon\www\Tropic-Colors\dataconnect`
 {"metadata":{"emulator":{"name":"dataconnect"},"message":"E1007 12:30:05.018242   14072 watch.go:40] Failed to load config from \"c:\\\\laragon\\\\www\\\\Tropic-Colors\\\\dataconnect\": could not find dataconnect.yaml in `c:\\laragon\\www\\Tropic-Colors\\dataconnect`\n"}}
[debug] [2026-10-07T18:30:15.017Z] E1007 12:30:15.017837   14072 watch.go:40] Failed to load config from "c:\\laragon\\www\\Tropic-Colors\\dataconnect": could not find dataconnect.yaml in `c:\laragon\www\Tropic-Colors\dataconnect`
 {"metadata":{"emulator":{"name":"dataconnect"},"message":"E1007 12:30:15.017837   14072 watch.go:40] Failed to load config from \"c:\\\\laragon\\\\www\\\\Tropic-Colors\\\\dataconnect\": could not find dataconnect.yaml in `c:\\laragon\\www\\Tropic-Colors\\dataconnect`\n"}}
[debug] [2026-10-07T18:30:25.017Z] E1007 12:30:25.017849   14072 watch.go:40] Failed to load config from "c:\\laragon\\www\\Tropic-Colors\\dataconnect": could not find dataconnect.yaml in `c:\laragon\www\Tropic-Colors\dataconnect`
 {"metadata":{"emulator":{"name":"dataconnect"},"message":"E1007 12:30:25.017849   14072 watch.go:40] Failed to load config from \"c:\\\\laragon\\\\www\\\\Tropic-Colors\\\\dataconnect\": could not find dataconnect.yaml in `c:\\laragon\\www\\Tropic-Colors\\dataconnect`\n"}}
[debug] [2026-10-07T18:30:35.018Z] E1007 12:30:35.018085   14072 watch.go:40] Failed to load config from "c:\\laragon\\www\\Tropic-Colors\\dataconnect": could not find dataconnect.yaml in `c:\laragon\www\Tropic-Colors\dataconnect`
 {"metadata":{"emulator":{"name":"dataconnect"},"message":"E1007 12:30:35.018085   14072 watch.go:40] Failed to load config from \"c:\\\\laragon\\\\www\\\\Tropic-Colors\\\\dataconnect\": could not find dataconnect.yaml in `c:\\laragon\\www\\Tropic-Colors\\dataconnect`\n"}}
[debug] [2026-10-07T18:30:45.018Z] E1007 12:30:45.018171   14072 watch.go:40] Failed to load config from "c:\\laragon\\www\\Tropic-Colors\\dataconnect": could not find dataconnect.yaml in `c:\laragon\www\Tropic-Colors\dataconnect`
 {"metadata":{"emulator":{"name":"dataconnect"},"message":"E1007 12:30:45.018171   14072 watch.go:40] Failed to load config from \"c:\\\\laragon\\\\www\\\\Tropic-Colors\\\\dataconnect\": could not find dataconnect.yaml in `c:\\laragon\\www\\Tropic-Colors\\dataconnect`\n"}}
[debug] [2026-10-07T18:30:55.018Z] E1007 12:30:55.018085   14072 watch.go:40] Failed to load config from "c:\\laragon\\www\\Tropic-Colors\\dataconnect": could not find dataconnect.yaml in `c:\laragon\www\Tropic-Colors\dataconnect`
 {"metadata":{"emulator":{"name":"dataconnect"},"message":"E1007 12:30:55.018085   14072 watch.go:40] Failed to load config from \"c:\\\\laragon\\\\www\\\\Tropic-Colors\\\\dataconnect\": could not find dataconnect.yaml in `c:\\laragon\\www\\Tropic-Colors\\dataconnect`\n"}}
[debug] [2026-10-07T18:31:05.018Z] E1007 12:31:05.018221   14072 watch.go:40] Failed to load config from "c:\\laragon\\www\\Tropic-Colors\\dataconnect": could not find dataconnect.yaml in `c:\laragon\www\Tropic-Colors\dataconnect`
 {"metadata":{"emulator":{"name":"dataconnect"},"message":"E1007 12:31:05.018221   14072 watch.go:40] Failed to load config from \"c:\\\\laragon\\\\www\\\\Tropic-Colors\\\\dataconnect\": could not find dataconnect.yaml in `c:\\laragon\\www\\Tropic-Colors\\dataconnect`\n"}}
[debug] [2026-10-07T18:31:15.018Z] E1007 12:31:15.018188   14072 watch.go:40] Failed to load config from "c:\\laragon\\www\\Tropic-Colors\\dataconnect": could not find dataconnect.yaml in `c:\laragon\www\Tropic-Colors\dataconnect`
 {"metadata":{"emulator":{"name":"dataconnect"},"message":"E1007 12:31:15.018188   14072 watch.go:40] Failed to load config from \"c:\\\\laragon\\\\www\\\\Tropic-Colors\\\\dataconnect\": could not find dataconnect.yaml in `c:\\laragon\\www\\Tropic-Colors\\dataconnect`\n"}}
[debug] [2026-10-07T18:31:25.018Z] E1007 12:31:25.017963   14072 watch.go:40] Failed to load config from "c:\\laragon\\www\\Tropic-Colors\\dataconnect": could not find dataconnect.yaml in `c:\laragon\www\Tropic-Colors\dataconnect`
 {"metadata":{"emulator":{"name":"dataconnect"},"message":"E1007 12:31:25.017963   14072 watch.go:40] Failed to load config from \"c:\\\\laragon\\\\www\\\\Tropic-Colors\\\\dataconnect\": could not find dataconnect.yaml in `c:\\laragon\\www\\Tropic-Colors\\dataconnect`\n"}}
[debug] [2026-10-07T18:31:35.017Z] E1007 12:31:35.017869   14072 watch.go:40] Failed to load config from "c:\\laragon\\www\\Tropic-Colors\\dataconnect": could not find dataconnect.yaml in `c:\laragon\www\Tropic-Colors\dataconnect`
 {"metadata":{"emulator":{"name":"dataconnect"},"message":"E1007 12:31:35.017869   14072 watch.go:40] Failed to load config from \"c:\\\\laragon\\\\www\\\\Tropic-Colors\\\\dataconnect\": could not find dataconnect.yaml in `c:\\laragon\\www\\Tropic-Colors\\dataconnect`\n"}}
[debug] [2026-10-07T18:31:45.017Z] E1007 12:31:45.017975   14072 watch.go:40] Failed to load config from "c:\\laragon\\www\\Tropic-Colors\\dataconnect": could not find dataconnect.yaml in `c:\laragon\www\Tropic-Colors\dataconnect`
 {"metadata":{"emulator":{"name":"dataconnect"},"message":"E1007 12:31:45.017975   14072 watch.go:40] Failed to load config from \"c:\\\\laragon\\\\www\\\\Tropic-Colors\\\\dataconnect\": could not find dataconnect.yaml in `c:\\laragon\\www\\Tropic-Colors\\dataconnect`\n"}}
[debug] [2026-10-07T18:31:55.017Z] E1007 12:31:55.017971   14072 watch.go:40] Failed to load config from "c:\\laragon\\www\\Tropic-Colors\\dataconnect": could not find dataconnect.yaml in `c:\laragon\www\Tropic-Colors\dataconnect`
 {"metadata":{"emulator":{"name":"dataconnect"},"message":"E1007 12:31:55.017971   14072 watch.go:40] Failed to load config from \"c:\\\\laragon\\\\www\\\\Tropic-Colors\\\\dataconnect\": could not find dataconnect.yaml in `c:\\laragon\\www\\Tropic-Colors\\dataconnect`\n"}}
[debug] [2026-10-07T18:32:05.017Z] E1007 12:32:05.017975   14072 watch.go:40] Failed to load config from "c:\\laragon\\www\\Tropic-Colors\\dataconnect": could not find dataconnect.yaml in `c:\laragon\www\Tropic-Colors\dataconnect`
 {"metadata":{"emulator":{"name":"dataconnect"},"message":"E1007 12:32:05.017975   14072 watch.go:40] Failed to load config from \"c:\\\\laragon\\\\www\\\\Tropic-Colors\\\\dataconnect\": could not find dataconnect.yaml in `c:\\laragon\\www\\Tropic-Colors\\dataconnect`\n"}}
[debug] [2026-10-07T18:32:15.017Z] E1007 12:32:15.018173   14072 watch.go:40] Failed to load config from "c:\\laragon\\www\\Tropic-Colors\\dataconnect": could not find dataconnect.yaml in `c:\laragon\www\Tropic-Colors\dataconnect`
 {"metadata":{"emulator":{"name":"dataconnect"},"message":"E1007 12:32:15.018173   14072 watch.go:40] Failed to load config from \"c:\\\\laragon\\\\www\\\\Tropic-Colors\\\\dataconnect\": could not find dataconnect.yaml in `c:\\laragon\\www\\Tropic-Colors\\dataconnect`\n"}}
[debug] [2026-10-07T18:32:25.017Z] E1007 12:32:25.017896   14072 watch.go:40] Failed to load config from "c:\\laragon\\www\\Tropic-Colors\\dataconnect": could not find dataconnect.yaml in `c:\laragon\www\Tropic-Colors\dataconnect`
 {"metadata":{"emulator":{"name":"dataconnect"},"message":"E1007 12:32:25.017896   14072 watch.go:40] Failed to load config from \"c:\\\\laragon\\\\www\\\\Tropic-Colors\\\\dataconnect\": could not find dataconnect.yaml in `c:\\laragon\\www\\Tropic-Colors\\dataconnect`\n"}}
[debug] [2026-10-07T18:32:35.023Z] E1007 12:32:35.017954   14072 watch.go:40] Failed to load config from "c:\\laragon\\www\\Tropic-Colors\\dataconnect": could not find dataconnect.yaml in `c:\laragon\www\Tropic-Colors\dataconnect`
 {"metadata":{"emulator":{"name":"dataconnect"},"message":"E1007 12:32:35.017954   14072 watch.go:40] Failed to load config from \"c:\\\\laragon\\\\www\\\\Tropic-Colors\\\\dataconnect\": could not find dataconnect.yaml in `c:\\laragon\\www\\Tropic-Colors\\dataconnect`\n"}}
[debug] [2026-10-07T18:32:45.018Z] E1007 12:32:45.018280   14072 watch.go:40] Failed to load config from "c:\\laragon\\www\\Tropic-Colors\\dataconnect": could not find dataconnect.yaml in `c:\laragon\www\Tropic-Colors\dataconnect`
 {"metadata":{"emulator":{"name":"dataconnect"},"message":"E1007 12:32:45.018280   14072 watch.go:40] Failed to load config from \"c:\\\\laragon\\\\www\\\\Tropic-Colors\\\\dataconnect\": could not find dataconnect.yaml in `c:\\laragon\\www\\Tropic-Colors\\dataconnect`\n"}}
[debug] [2026-10-07T18:32:55.018Z] E1007 12:32:55.018240   14072 watch.go:40] Failed to load config from "c:\\laragon\\www\\Tropic-Colors\\dataconnect": could not find dataconnect.yaml in `c:\laragon\www\Tropic-Colors\dataconnect`
 {"metadata":{"emulator":{"name":"dataconnect"},"message":"E1007 12:32:55.018240   14072 watch.go:40] Failed to load config from \"c:\\\\laragon\\\\www\\\\Tropic-Colors\\\\dataconnect\": could not find dataconnect.yaml in `c:\\laragon\\www\\Tropic-Colors\\dataconnect`\n"}}
[debug] [2026-10-07T18:33:05.018Z] E1007 12:33:05.017864   14072 watch.go:40] Failed to load config from "c:\\laragon\\www\\Tropic-Colors\\dataconnect": could not find dataconnect.yaml in `c:\laragon\www\Tropic-Colors\dataconnect`
 {"metadata":{"emulator":{"name":"dataconnect"},"message":"E1007 12:33:05.017864   14072 watch.go:40] Failed to load config from \"c:\\\\laragon\\\\www\\\\Tropic-Colors\\\\dataconnect\": could not find dataconnect.yaml in `c:\\laragon\\www\\Tropic-Colors\\dataconnect`\n"}}
[debug] [2026-10-07T18:33:15.018Z] E1007 12:33:15.017983   14072 watch.go:40] Failed to load config from "c:\\laragon\\www\\Tropic-Colors\\dataconnect": could not find dataconnect.yaml in `c:\laragon\www\Tropic-Colors\dataconnect`
 {"metadata":{"emulator":{"name":"dataconnect"},"message":"E1007 12:33:15.017983   14072 watch.go:40] Failed to load config from \"c:\\\\laragon\\\\www\\\\Tropic-Colors\\\\dataconnect\": could not find dataconnect.yaml in `c:\\laragon\\www\\Tropic-Colors\\dataconnect`\n"}}
[debug] [2026-10-07T18:33:25.018Z] E1007 12:33:25.018187   14072 watch.go:40] Failed to load config from "c:\\laragon\\www\\Tropic-Colors\\dataconnect": could not find dataconnect.yaml in `c:\laragon\www\Tropic-Colors\dataconnect`
 {"metadata":{"emulator":{"name":"dataconnect"},"message":"E1007 12:33:25.018187   14072 watch.go:40] Failed to load config from \"c:\\\\laragon\\\\www\\\\Tropic-Colors\\\\dataconnect\": could not find dataconnect.yaml in `c:\\laragon\\www\\Tropic-Colors\\dataconnect`\n"}}
[debug] [2026-10-07T18:33:35.017Z] E1007 12:33:35.017905   14072 watch.go:40] Failed to load config from "c:\\laragon\\www\\Tropic-Colors\\dataconnect": could not find dataconnect.yaml in `c:\laragon\www\Tropic-Colors\dataconnect`
 {"metadata":{"emulator":{"name":"dataconnect"},"message":"E1007 12:33:35.017905   14072 watch.go:40] Failed to load config from \"c:\\\\laragon\\\\www\\\\Tropic-Colors\\\\dataconnect\": could not find dataconnect.yaml in `c:\\laragon\\www\\Tropic-Colors\\dataconnect`\n"}}
[debug] [2026-10-07T18:33:45.018Z] E1007 12:33:45.018053   14072 watch.go:40] Failed to load config from "c:\\laragon\\www\\Tropic-Colors\\dataconnect": could not find dataconnect.yaml in `c:\laragon\www\Tropic-Colors\dataconnect`
 {"metadata":{"emulator":{"name":"dataconnect"},"message":"E1007 12:33:45.018053   14072 watch.go:40] Failed to load config from \"c:\\\\laragon\\\\www\\\\Tropic-Colors\\\\dataconnect\": could not find dataconnect.yaml in `c:\\laragon\\www\\Tropic-Colors\\dataconnect`\n"}}
[debug] [2026-10-07T18:33:55.018Z] E1007 12:33:55.018042   14072 watch.go:40] Failed to load config from "c:\\laragon\\www\\Tropic-Colors\\dataconnect": could not find dataconnect.yaml in `c:\laragon\www\Tropic-Colors\dataconnect`
 {"metadata":{"emulator":{"name":"dataconnect"},"message":"E1007 12:33:55.018042   14072 watch.go:40] Failed to load config from \"c:\\\\laragon\\\\www\\\\Tropic-Colors\\\\dataconnect\": could not find dataconnect.yaml in `c:\\laragon\\www\\Tropic-Colors\\dataconnect`\n"}}
[debug] [2026-10-07T18:34:05.018Z] E1007 12:34:05.018174   14072 watch.go:40] Failed to load config from "c:\\laragon\\www\\Tropic-Colors\\dataconnect": could not find dataconnect.yaml in `c:\laragon\www\Tropic-Colors\dataconnect`
 {"metadata":{"emulator":{"name":"dataconnect"},"message":"E1007 12:34:05.018174   14072 watch.go:40] Failed to load config from \"c:\\\\laragon\\\\www\\\\Tropic-Colors\\\\dataconnect\": could not find dataconnect.yaml in `c:\\laragon\\www\\Tropic-Colors\\dataconnect`\n"}}
[debug] [2026-10-07T18:34:15.017Z] E1007 12:34:15.017937   14072 watch.go:40] Failed to load config from "c:\\laragon\\www\\Tropic-Colors\\dataconnect": could not find dataconnect.yaml in `c:\laragon\www\Tropic-Colors\dataconnect`
 {"metadata":{"emulator":{"name":"dataconnect"},"message":"E1007 12:34:15.017937   14072 watch.go:40] Failed to load config from \"c:\\\\laragon\\\\www\\\\Tropic-Colors\\\\dataconnect\": could not find dataconnect.yaml in `c:\\laragon\\www\\Tropic-Colors\\dataconnect`\n"}}
[debug] [2026-10-07T18:34:25.018Z] E1007 12:34:25.018606   14072 watch.go:40] Failed to load config from "c:\\laragon\\www\\Tropic-Colors\\dataconnect": could not find dataconnect.yaml in `c:\laragon\www\Tropic-Colors\dataconnect`
 {"metadata":{"emulator":{"name":"dataconnect"},"message":"E1007 12:34:25.018606   14072 watch.go:40] Failed to load config from \"c:\\\\laragon\\\\www\\\\Tropic-Colors\\\\dataconnect\": could not find dataconnect.yaml in `c:\\laragon\\www\\Tropic-Colors\\dataconnect`\n"}}
[debug] [2026-10-07T18:34:35.017Z] E1007 12:34:35.018161   14072 watch.go:40] Failed to load config from "c:\\laragon\\www\\Tropic-Colors\\dataconnect": could not find dataconnect.yaml in `c:\laragon\www\Tropic-Colors\dataconnect`
 {"metadata":{"emulator":{"name":"dataconnect"},"message":"E1007 12:34:35.018161   14072 watch.go:40] Failed to load config from \"c:\\\\laragon\\\\www\\\\Tropic-Colors\\\\dataconnect\": could not find dataconnect.yaml in `c:\\laragon\\www\\Tropic-Colors\\dataconnect`\n"}}
[debug] [2026-10-07T18:34:45.017Z] E1007 12:34:45.017829   14072 watch.go:40] Failed to load config from "c:\\laragon\\www\\Tropic-Colors\\dataconnect": could not find dataconnect.yaml in `c:\laragon\www\Tropic-Colors\dataconnect`
 {"metadata":{"emulator":{"name":"dataconnect"},"message":"E1007 12:34:45.017829   14072 watch.go:40] Failed to load config from \"c:\\\\laragon\\\\www\\\\Tropic-Colors\\\\dataconnect\": could not find dataconnect.yaml in `c:\\laragon\\www\\Tropic-Colors\\dataconnect`\n"}}
[debug] [2026-10-07T18:34:55.017Z] E1007 12:34:55.018193   14072 watch.go:40] Failed to load config from "c:\\laragon\\www\\Tropic-Colors\\dataconnect": could not find dataconnect.yaml in `c:\laragon\www\Tropic-Colors\dataconnect`
 {"metadata":{"emulator":{"name":"dataconnect"},"message":"E1007 12:34:55.018193   14072 watch.go:40] Failed to load config from \"c:\\\\laragon\\\\www\\\\Tropic-Colors\\\\dataconnect\": could not find dataconnect.yaml in `c:\\laragon\\www\\Tropic-Colors\\dataconnect`\n"}}
[debug] [2026-10-07T18:35:05.017Z] E1007 12:35:05.017836   14072 watch.go:40] Failed to load config from "c:\\laragon\\www\\Tropic-Colors\\dataconnect": could not find dataconnect.yaml in `c:\laragon\www\Tropic-Colors\dataconnect`
 {"metadata":{"emulator":{"name":"dataconnect"},"message":"E1007 12:35:05.017836   14072 watch.go:40] Failed to load config from \"c:\\\\laragon\\\\www\\\\Tropic-Colors\\\\dataconnect\": could not find dataconnect.yaml in `c:\\laragon\\www\\Tropic-Colors\\dataconnect`\n"}}
[debug] [2026-10-07T18:35:15.018Z] E1007 12:35:15.018320   14072 watch.go:40] Failed to load config from "c:\\laragon\\www\\Tropic-Colors\\dataconnect": could not find dataconnect.yaml in `c:\laragon\www\Tropic-Colors\dataconnect`
 {"metadata":{"emulator":{"name":"dataconnect"},"message":"E1007 12:35:15.018320   14072 watch.go:40] Failed to load config from \"c:\\\\laragon\\\\www\\\\Tropic-Colors\\\\dataconnect\": could not find dataconnect.yaml in `c:\\laragon\\www\\Tropic-Colors\\dataconnect`\n"}}
[debug] [2026-10-07T18:35:25.017Z] E1007 12:35:25.018043   14072 watch.go:40] Failed to load config from "c:\\laragon\\www\\Tropic-Colors\\dataconnect": could not find dataconnect.yaml in `c:\laragon\www\Tropic-Colors\dataconnect`
 {"metadata":{"emulator":{"name":"dataconnect"},"message":"E1007 12:35:25.018043   14072 watch.go:40] Failed to load config from \"c:\\\\laragon\\\\www\\\\Tropic-Colors\\\\dataconnect\": could not find dataconnect.yaml in `c:\\laragon\\www\\Tropic-Colors\\dataconnect`\n"}}
[debug] [2026-10-07T18:35:35.018Z] E1007 12:35:35.018002   14072 watch.go:40] Failed to load config from "c:\\laragon\\www\\Tropic-Colors\\dataconnect": could not find dataconnect.yaml in `c:\laragon\www\Tropic-Colors\dataconnect`
 {"metadata":{"emulator":{"name":"dataconnect"},"message":"E1007 12:35:35.018002   14072 watch.go:40] Failed to load config from \"c:\\\\laragon\\\\www\\\\Tropic-Colors\\\\dataconnect\": could not find dataconnect.yaml in `c:\\laragon\\www\\Tropic-Colors\\dataconnect`\n"}}
[debug] [2026-10-07T18:35:45.018Z] E1007 12:35:45.018029   14072 watch.go:40] Failed to load config from "c:\\laragon\\www\\Tropic-Colors\\dataconnect": could not find dataconnect.yaml in `c:\laragon\www\Tropic-Colors\dataconnect`
 {"metadata":{"emulator":{"name":"dataconnect"},"message":"E1007 12:35:45.018029   14072 watch.go:40] Failed to load config from \"c:\\\\laragon\\\\www\\\\Tropic-Colors\\\\dataconnect\": could not find dataconnect.yaml in `c:\\laragon\\www\\Tropic-Colors\\dataconnect`\n"}}
[debug] [2026-10-07T18:35:55.022Z] E1007 12:35:55.018070   14072 watch.go:40] Failed to load config from "c:\\laragon\\www\\Tropic-Colors\\dataconnect": could not find dataconnect.yaml in `c:\laragon\www\Tropic-Colors\dataconnect`
 {"metadata":{"emulator":{"name":"dataconnect"},"message":"E1007 12:35:55.018070   14072 watch.go:40] Failed to load config from \"c:\\\\laragon\\\\www\\\\Tropic-Colors\\\\dataconnect\": could not find dataconnect.yaml in `c:\\laragon\\www\\Tropic-Colors\\dataconnect`\n"}}
[debug] [2026-10-07T18:36:05.018Z] E1007 12:36:05.018195   14072 watch.go:40] Failed to load config from "c:\\laragon\\www\\Tropic-Colors\\dataconnect": could not find dataconnect.yaml in `c:\laragon\www\Tropic-Colors\dataconnect`
 {"metadata":{"emulator":{"name":"dataconnect"},"message":"E1007 12:36:05.018195   14072 watch.go:40] Failed to load config from \"c:\\\\laragon\\\\www\\\\Tropic-Colors\\\\dataconnect\": could not find dataconnect.yaml in `c:\\laragon\\www\\Tropic-Colors\\dataconnect`\n"}}
[debug] [2026-10-07T18:36:15.018Z] E1007 12:36:15.018362   14072 watch.go:40] Failed to load config from "c:\\laragon\\www\\Tropic-Colors\\dataconnect": could not find dataconnect.yaml in `c:\laragon\www\Tropic-Colors\dataconnect`
 {"metadata":{"emulator":{"name":"dataconnect"},"message":"E1007 12:36:15.018362   14072 watch.go:40] Failed to load config from \"c:\\\\laragon\\\\www\\\\Tropic-Colors\\\\dataconnect\": could not find dataconnect.yaml in `c:\\laragon\\www\\Tropic-Colors\\dataconnect`\n"}}
[debug] [2026-10-07T18:36:25.018Z] E1007 12:36:25.017954   14072 watch.go:40] Failed to load config from "c:\\laragon\\www\\Tropic-Colors\\dataconnect": could not find dataconnect.yaml in `c:\laragon\www\Tropic-Colors\dataconnect`
 {"metadata":{"emulator":{"name":"dataconnect"},"message":"E1007 12:36:25.017954   14072 watch.go:40] Failed to load config from \"c:\\\\laragon\\\\www\\\\Tropic-Colors\\\\dataconnect\": could not find dataconnect.yaml in `c:\\laragon\\www\\Tropic-Colors\\dataconnect`\n"}}
[debug] [2026-10-07T18:36:35.018Z] E1007 12:36:35.017971   14072 watch.go:40] Failed to load config from "c:\\laragon\\www\\Tropic-Colors\\dataconnect": could not find dataconnect.yaml in `c:\laragon\www\Tropic-Colors\dataconnect`
 {"metadata":{"emulator":{"name":"dataconnect"},"message":"E1007 12:36:35.017971   14072 watch.go:40] Failed to load config from \"c:\\\\laragon\\\\www\\\\Tropic-Colors\\\\dataconnect\": could not find dataconnect.yaml in `c:\\laragon\\www\\Tropic-Colors\\dataconnect`\n"}}
[debug] [2026-10-07T18:36:45.018Z] E1007 12:36:45.018181   14072 watch.go:40] Failed to load config from "c:\\laragon\\www\\Tropic-Colors\\dataconnect": could not find dataconnect.yaml in `c:\laragon\www\Tropic-Colors\dataconnect`
 {"metadata":{"emulator":{"name":"dataconnect"},"message":"E1007 12:36:45.018181   14072 watch.go:40] Failed to load config from \"c:\\\\laragon\\\\www\\\\Tropic-Colors\\\\dataconnect\": could not find dataconnect.yaml in `c:\\laragon\\www\\Tropic-Colors\\dataconnect`\n"}}
[debug] [2026-10-07T18:36:55.018Z] E1007 12:36:55.018156   14072 watch.go:40] Failed to load config from "c:\\laragon\\www\\Tropic-Colors\\dataconnect": could not find dataconnect.yaml in `c:\laragon\www\Tropic-Colors\dataconnect`
 {"metadata":{"emulator":{"name":"dataconnect"},"message":"E1007 12:36:55.018156   14072 watch.go:40] Failed to load config from \"c:\\\\laragon\\\\www\\\\Tropic-Colors\\\\dataconnect\": could not find dataconnect.yaml in `c:\\laragon\\www\\Tropic-Colors\\dataconnect`\n"}}
[debug] [2026-10-07T18:37:05.020Z] E1007 12:37:05.017811   14072 watch.go:40] Failed to load config from "c:\\laragon\\www\\Tropic-Colors\\dataconnect": could not find dataconnect.yaml in `c:\laragon\www\Tropic-Colors\dataconnect`
 {"metadata":{"emulator":{"name":"dataconnect"},"message":"E1007 12:37:05.017811   14072 watch.go:40] Failed to load config from \"c:\\\\laragon\\\\www\\\\Tropic-Colors\\\\dataconnect\": could not find dataconnect.yaml in `c:\\laragon\\www\\Tropic-Colors\\dataconnect`\n"}}
[debug] [2026-10-07T18:37:15.018Z] E1007 12:37:15.017873   14072 watch.go:40] Failed to load config from "c:\\laragon\\www\\Tropic-Colors\\dataconnect": could not find dataconnect.yaml in `c:\laragon\www\Tropic-Colors\dataconnect`
 {"metadata":{"emulator":{"name":"dataconnect"},"message":"E1007 12:37:15.017873   14072 watch.go:40] Failed to load config from \"c:\\\\laragon\\\\www\\\\Tropic-Colors\\\\dataconnect\": could not find dataconnect.yaml in `c:\\laragon\\www\\Tropic-Colors\\dataconnect`\n"}}
[debug] [2026-10-07T18:37:25.018Z] E1007 12:37:25.017819   14072 watch.go:40] Failed to load config from "c:\\laragon\\www\\Tropic-Colors\\dataconnect": could not find dataconnect.yaml in `c:\laragon\www\Tropic-Colors\dataconnect`
 {"metadata":{"emulator":{"name":"dataconnect"},"message":"E1007 12:37:25.017819   14072 watch.go:40] Failed to load config from \"c:\\\\laragon\\\\www\\\\Tropic-Colors\\\\dataconnect\": could not find dataconnect.yaml in `c:\\laragon\\www\\Tropic-Colors\\dataconnect`\n"}}
[debug] [2026-10-07T18:37:35.018Z] E1007 12:37:35.017935   14072 watch.go:40] Failed to load config from "c:\\laragon\\www\\Tropic-Colors\\dataconnect": could not find dataconnect.yaml in `c:\laragon\www\Tropic-Colors\dataconnect`
 {"metadata":{"emulator":{"name":"dataconnect"},"message":"E1007 12:37:35.017935   14072 watch.go:40] Failed to load config from \"c:\\\\laragon\\\\www\\\\Tropic-Colors\\\\dataconnect\": could not find dataconnect.yaml in `c:\\laragon\\www\\Tropic-Colors\\dataconnect`\n"}}
[debug] [2026-10-07T18:37:45.018Z] E1007 12:37:45.018163   14072 watch.go:40] Failed to load config from "c:\\laragon\\www\\Tropic-Colors\\dataconnect": could not find dataconnect.yaml in `c:\laragon\www\Tropic-Colors\dataconnect`
 {"metadata":{"emulator":{"name":"dataconnect"},"message":"E1007 12:37:45.018163   14072 watch.go:40] Failed to load config from \"c:\\\\laragon\\\\www\\\\Tropic-Colors\\\\dataconnect\": could not find dataconnect.yaml in `c:\\laragon\\www\\Tropic-Colors\\dataconnect`\n"}}
[debug] [2026-10-07T18:37:55.018Z] E1007 12:37:55.018181   14072 watch.go:40] Failed to load config from "c:\\laragon\\www\\Tropic-Colors\\dataconnect": could not find dataconnect.yaml in `c:\laragon\www\Tropic-Colors\dataconnect`
 {"metadata":{"emulator":{"name":"dataconnect"},"message":"E1007 12:37:55.018181   14072 watch.go:40] Failed to load config from \"c:\\\\laragon\\\\www\\\\Tropic-Colors\\\\dataconnect\": could not find dataconnect.yaml in `c:\\laragon\\www\\Tropic-Colors\\dataconnect`\n"}}
[debug] [2026-10-07T18:38:05.018Z] E1007 12:38:05.018021   14072 watch.go:40] Failed to load config from "c:\\laragon\\www\\Tropic-Colors\\dataconnect": could not find dataconnect.yaml in `c:\laragon\www\Tropic-Colors\dataconnect`
 {"metadata":{"emulator":{"name":"dataconnect"},"message":"E1007 12:38:05.018021   14072 watch.go:40] Failed to load config from \"c:\\\\laragon\\\\www\\\\Tropic-Colors\\\\dataconnect\": could not find dataconnect.yaml in `c:\\laragon\\www\\Tropic-Colors\\dataconnect`\n"}}
[debug] [2026-10-07T18:38:15.018Z] E1007 12:38:15.017887   14072 watch.go:40] Failed to load config from "c:\\laragon\\www\\Tropic-Colors\\dataconnect": could not find dataconnect.yaml in `c:\laragon\www\Tropic-Colors\dataconnect`
 {"metadata":{"emulator":{"name":"dataconnect"},"message":"E1007 12:38:15.017887   14072 watch.go:40] Failed to load config from \"c:\\\\laragon\\\\www\\\\Tropic-Colors\\\\dataconnect\": could not find dataconnect.yaml in `c:\\laragon\\www\\Tropic-Colors\\dataconnect`\n"}}
[debug] [2026-10-07T18:38:25.018Z] E1007 12:38:25.018048   14072 watch.go:40] Failed to load config from "c:\\laragon\\www\\Tropic-Colors\\dataconnect": could not find dataconnect.yaml in `c:\laragon\www\Tropic-Colors\dataconnect`
 {"metadata":{"emulator":{"name":"dataconnect"},"message":"E1007 12:38:25.018048   14072 watch.go:40] Failed to load config from \"c:\\\\laragon\\\\www\\\\Tropic-Colors\\\\dataconnect\": could not find dataconnect.yaml in `c:\\laragon\\www\\Tropic-Colors\\dataconnect`\n"}}
[debug] [2026-10-07T18:38:35.017Z] E1007 12:38:35.018187   14072 watch.go:40] Failed to load config from "c:\\laragon\\www\\Tropic-Colors\\dataconnect": could not find dataconnect.yaml in `c:\laragon\www\Tropic-Colors\dataconnect`
 {"metadata":{"emulator":{"name":"dataconnect"},"message":"E1007 12:38:35.018187   14072 watch.go:40] Failed to load config from \"c:\\\\laragon\\\\www\\\\Tropic-Colors\\\\dataconnect\": could not find dataconnect.yaml in `c:\\laragon\\www\\Tropic-Colors\\dataconnect`\n"}}
[debug] [2026-10-07T18:38:45.017Z] E1007 12:38:45.017921   14072 watch.go:40] Failed to load config from "c:\\laragon\\www\\Tropic-Colors\\dataconnect": could not find dataconnect.yaml in `c:\laragon\www\Tropic-Colors\dataconnect`
 {"metadata":{"emulator":{"name":"dataconnect"},"message":"E1007 12:38:45.017921   14072 watch.go:40] Failed to load config from \"c:\\\\laragon\\\\www\\\\Tropic-Colors\\\\dataconnect\": could not find dataconnect.yaml in `c:\\laragon\\www\\Tropic-Colors\\dataconnect`\n"}}
[debug] [2026-10-07T18:38:55.017Z] E1007 12:38:55.018117   14072 watch.go:40] Failed to load config from "c:\\laragon\\www\\Tropic-Colors\\dataconnect": could not find dataconnect.yaml in `c:\laragon\www\Tropic-Colors\dataconnect`
 {"metadata":{"emulator":{"name":"dataconnect"},"message":"E1007 12:38:55.018117   14072 watch.go:40] Failed to load config from \"c:\\\\laragon\\\\www\\\\Tropic-Colors\\\\dataconnect\": could not find dataconnect.yaml in `c:\\laragon\\www\\Tropic-Colors\\dataconnect`\n"}}
[debug] [2026-10-07T18:39:05.017Z] E1007 12:39:05.017876   14072 watch.go:40] Failed to load config from "c:\\laragon\\www\\Tropic-Colors\\dataconnect": could not find dataconnect.yaml in `c:\laragon\www\Tropic-Colors\dataconnect`
 {"metadata":{"emulator":{"name":"dataconnect"},"message":"E1007 12:39:05.017876   14072 watch.go:40] Failed to load config from \"c:\\\\laragon\\\\www\\\\Tropic-Colors\\\\dataconnect\": could not find dataconnect.yaml in `c:\\laragon\\www\\Tropic-Colors\\dataconnect`\n"}}
[debug] [2026-10-07T18:39:15.017Z] E1007 12:39:15.018198   14072 watch.go:40] Failed to load config from "c:\\laragon\\www\\Tropic-Colors\\dataconnect": could not find dataconnect.yaml in `c:\laragon\www\Tropic-Colors\dataconnect`
 {"metadata":{"emulator":{"name":"dataconnect"},"message":"E1007 12:39:15.018198   14072 watch.go:40] Failed to load config from \"c:\\\\laragon\\\\www\\\\Tropic-Colors\\\\dataconnect\": could not find dataconnect.yaml in `c:\\laragon\\www\\Tropic-Colors\\dataconnect`\n"}}
[debug] [2026-10-07T18:39:25.017Z] E1007 12:39:25.017803   14072 watch.go:40] Failed to load config from "c:\\laragon\\www\\Tropic-Colors\\dataconnect": could not find dataconnect.yaml in `c:\laragon\www\Tropic-Colors\dataconnect`
 {"metadata":{"emulator":{"name":"dataconnect"},"message":"E1007 12:39:25.017803   14072 watch.go:40] Failed to load config from \"c:\\\\laragon\\\\www\\\\Tropic-Colors\\\\dataconnect\": could not find dataconnect.yaml in `c:\\laragon\\www\\Tropic-Colors\\dataconnect`\n"}}
[debug] [2026-10-07T18:39:35.018Z] E1007 12:39:35.018203   14072 watch.go:40] Failed to load config from "c:\\laragon\\www\\Tropic-Colors\\dataconnect": could not find dataconnect.yaml in `c:\laragon\www\Tropic-Colors\dataconnect`
 {"metadata":{"emulator":{"name":"dataconnect"},"message":"E1007 12:39:35.018203   14072 watch.go:40] Failed to load config from \"c:\\\\laragon\\\\www\\\\Tropic-Colors\\\\dataconnect\": could not find dataconnect.yaml in `c:\\laragon\\www\\Tropic-Colors\\dataconnect`\n"}}
[debug] [2026-10-07T18:39:45.018Z] E1007 12:39:45.017813   14072 watch.go:40] Failed to load config from "c:\\laragon\\www\\Tropic-Colors\\dataconnect": could not find dataconnect.yaml in `c:\laragon\www\Tropic-Colors\dataconnect`
 {"metadata":{"emulator":{"name":"dataconnect"},"message":"E1007 12:39:45.017813   14072 watch.go:40] Failed to load config from \"c:\\\\laragon\\\\www\\\\Tropic-Colors\\\\dataconnect\": could not find dataconnect.yaml in `c:\\laragon\\www\\Tropic-Colors\\dataconnect`\n"}}
[debug] [2026-10-07T18:39:55.018Z] E1007 12:39:55.018419   14072 watch.go:40] Failed to load config from "c:\\laragon\\www\\Tropic-Colors\\dataconnect": could not find dataconnect.yaml in `c:\laragon\www\Tropic-Colors\dataconnect`
 {"metadata":{"emulator":{"name":"dataconnect"},"message":"E1007 12:39:55.018419   14072 watch.go:40] Failed to load config from \"c:\\\\laragon\\\\www\\\\Tropic-Colors\\\\dataconnect\": could not find dataconnect.yaml in `c:\\laragon\\www\\Tropic-Colors\\dataconnect`\n"}}
[debug] [2026-10-07T18:40:05.018Z] E1007 12:40:05.017852   14072 watch.go:40] Failed to load config from "c:\\laragon\\www\\Tropic-Colors\\dataconnect": could not find dataconnect.yaml in `c:\laragon\www\Tropic-Colors\dataconnect`
 {"metadata":{"emulator":{"name":"dataconnect"},"message":"E1007 12:40:05.017852   14072 watch.go:40] Failed to load config from \"c:\\\\laragon\\\\www\\\\Tropic-Colors\\\\dataconnect\": could not find dataconnect.yaml in `c:\\laragon\\www\\Tropic-Colors\\dataconnect`\n"}}
[debug] [2026-10-07T18:40:15.018Z] E1007 12:40:15.018080   14072 watch.go:40] Failed to load config from "c:\\laragon\\www\\Tropic-Colors\\dataconnect": could not find dataconnect.yaml in `c:\laragon\www\Tropic-Colors\dataconnect`
 {"metadata":{"emulator":{"name":"dataconnect"},"message":"E1007 12:40:15.018080   14072 watch.go:40] Failed to load config from \"c:\\\\laragon\\\\www\\\\Tropic-Colors\\\\dataconnect\": could not find dataconnect.yaml in `c:\\laragon\\www\\Tropic-Colors\\dataconnect`\n"}}
[debug] [2026-10-07T18:40:25.017Z] E1007 12:40:25.017778   14072 watch.go:40] Failed to load config from "c:\\laragon\\www\\Tropic-Colors\\dataconnect": could not find dataconnect.yaml in `c:\laragon\www\Tropic-Colors\dataconnect`
 {"metadata":{"emulator":{"name":"dataconnect"},"message":"E1007 12:40:25.017778   14072 watch.go:40] Failed to load config from \"c:\\\\laragon\\\\www\\\\Tropic-Colors\\\\dataconnect\": could not find dataconnect.yaml in `c:\\laragon\\www\\Tropic-Colors\\dataconnect`\n"}}
[debug] [2026-10-07T18:40:35.018Z] E1007 12:40:35.018121   14072 watch.go:40] Failed to load config from "c:\\laragon\\www\\Tropic-Colors\\dataconnect": could not find dataconnect.yaml in `c:\laragon\www\Tropic-Colors\dataconnect`
 {"metadata":{"emulator":{"name":"dataconnect"},"message":"E1007 12:40:35.018121   14072 watch.go:40] Failed to load config from \"c:\\\\laragon\\\\www\\\\Tropic-Colors\\\\dataconnect\": could not find dataconnect.yaml in `c:\\laragon\\www\\Tropic-Colors\\dataconnect`\n"}}
[debug] [2026-10-07T18:40:45.018Z] E1007 12:40:45.018023   14072 watch.go:40] Failed to load config from "c:\\laragon\\www\\Tropic-Colors\\dataconnect": could not find dataconnect.yaml in `c:\laragon\www\Tropic-Colors\dataconnect`
 {"metadata":{"emulator":{"name":"dataconnect"},"message":"E1007 12:40:45.018023   14072 watch.go:40] Failed to load config from \"c:\\\\laragon\\\\www\\\\Tropic-Colors\\\\dataconnect\": could not find dataconnect.yaml in `c:\\laragon\\www\\Tropic-Colors\\dataconnect`\n"}}
[debug] [2026-10-07T18:40:55.018Z] E1007 12:40:55.018112   14072 watch.go:40] Failed to load config from "c:\\laragon\\www\\Tropic-Colors\\dataconnect": could not find dataconnect.yaml in `c:\laragon\www\Tropic-Colors\dataconnect`
 {"metadata":{"emulator":{"name":"dataconnect"},"message":"E1007 12:40:55.018112   14072 watch.go:40] Failed to load config from \"c:\\\\laragon\\\\www\\\\Tropic-Colors\\\\dataconnect\": could not find dataconnect.yaml in `c:\\laragon\\www\\Tropic-Colors\\dataconnect`\n"}}
[debug] [2026-10-07T18:41:05.018Z] E1007 12:41:05.017860   14072 watch.go:40] Failed to load config from "c:\\laragon\\www\\Tropic-Colors\\dataconnect": could not find dataconnect.yaml in `c:\laragon\www\Tropic-Colors\dataconnect`
 {"metadata":{"emulator":{"name":"dataconnect"},"message":"E1007 12:41:05.017860   14072 watch.go:40] Failed to load config from \"c:\\\\laragon\\\\www\\\\Tropic-Colors\\\\dataconnect\": could not find dataconnect.yaml in `c:\\laragon\\www\\Tropic-Colors\\dataconnect`\n"}}
[debug] [2026-10-07T18:41:15.018Z] E1007 12:41:15.017875   14072 watch.go:40] Failed to load config from "c:\\laragon\\www\\Tropic-Colors\\dataconnect": could not find dataconnect.yaml in `c:\laragon\www\Tropic-Colors\dataconnect`
 {"metadata":{"emulator":{"name":"dataconnect"},"message":"E1007 12:41:15.017875   14072 watch.go:40] Failed to load config from \"c:\\\\laragon\\\\www\\\\Tropic-Colors\\\\dataconnect\": could not find dataconnect.yaml in `c:\\laragon\\www\\Tropic-Colors\\dataconnect`\n"}}
[debug] [2026-10-07T18:41:25.018Z] E1007 12:41:25.018114   14072 watch.go:40] Failed to load config from "c:\\laragon\\www\\Tropic-Colors\\dataconnect": could not find dataconnect.yaml in `c:\laragon\www\Tropic-Colors\dataconnect`
 {"metadata":{"emulator":{"name":"dataconnect"},"message":"E1007 12:41:25.018114   14072 watch.go:40] Failed to load config from \"c:\\\\laragon\\\\www\\\\Tropic-Colors\\\\dataconnect\": could not find dataconnect.yaml in `c:\\laragon\\www\\Tropic-Colors\\dataconnect`\n"}}
[debug] [2026-10-07T18:41:35.017Z] E1007 12:41:35.018287   14072 watch.go:40] Failed to load config from "c:\\laragon\\www\\Tropic-Colors\\dataconnect": could not find dataconnect.yaml in `c:\laragon\www\Tropic-Colors\dataconnect`
 {"metadata":{"emulator":{"name":"dataconnect"},"message":"E1007 12:41:35.018287   14072 watch.go:40] Failed to load config from \"c:\\\\laragon\\\\www\\\\Tropic-Colors\\\\dataconnect\": could not find dataconnect.yaml in `c:\\laragon\\www\\Tropic-Colors\\dataconnect`\n"}}
[debug] [2026-10-07T18:41:45.018Z] E1007 12:41:45.018586   14072 watch.go:40] Failed to load config from "c:\\laragon\\www\\Tropic-Colors\\dataconnect": could not find dataconnect.yaml in `c:\laragon\www\Tropic-Colors\dataconnect`
 {"metadata":{"emulator":{"name":"dataconnect"},"message":"E1007 12:41:45.018586   14072 watch.go:40] Failed to load config from \"c:\\\\laragon\\\\www\\\\Tropic-Colors\\\\dataconnect\": could not find dataconnect.yaml in `c:\\laragon\\www\\Tropic-Colors\\dataconnect`\n"}}
[debug] [2026-10-07T18:41:55.017Z] E1007 12:41:55.018059   14072 watch.go:40] Failed to load config from "c:\\laragon\\www\\Tropic-Colors\\dataconnect": could not find dataconnect.yaml in `c:\laragon\www\Tropic-Colors\dataconnect`
 {"metadata":{"emulator":{"name":"dataconnect"},"message":"E1007 12:41:55.018059   14072 watch.go:40] Failed to load config from \"c:\\\\laragon\\\\www\\\\Tropic-Colors\\\\dataconnect\": could not find dataconnect.yaml in `c:\\laragon\\www\\Tropic-Colors\\dataconnect`\n"}}
[debug] [2026-10-07T18:42:05.018Z] E1007 12:42:05.018126   14072 watch.go:40] Failed to load config from "c:\\laragon\\www\\Tropic-Colors\\dataconnect": could not find dataconnect.yaml in `c:\laragon\www\Tropic-Colors\dataconnect`
 {"metadata":{"emulator":{"name":"dataconnect"},"message":"E1007 12:42:05.018126   14072 watch.go:40] Failed to load config from \"c:\\\\laragon\\\\www\\\\Tropic-Colors\\\\dataconnect\": could not find dataconnect.yaml in `c:\\laragon\\www\\Tropic-Colors\\dataconnect`\n"}}
[debug] [2026-10-07T18:42:15.017Z] E1007 12:42:15.017793   14072 watch.go:40] Failed to load config from "c:\\laragon\\www\\Tropic-Colors\\dataconnect": could not find dataconnect.yaml in `c:\laragon\www\Tropic-Colors\dataconnect`
 {"metadata":{"emulator":{"name":"dataconnect"},"message":"E1007 12:42:15.017793   14072 watch.go:40] Failed to load config from \"c:\\\\laragon\\\\www\\\\Tropic-Colors\\\\dataconnect\": could not find dataconnect.yaml in `c:\\laragon\\www\\Tropic-Colors\\dataconnect`\n"}}
[debug] [2026-10-07T18:42:25.018Z] E1007 12:42:25.018245   14072 watch.go:40] Failed to load config from "c:\\laragon\\www\\Tropic-Colors\\dataconnect": could not find dataconnect.yaml in `c:\laragon\www\Tropic-Colors\dataconnect`
 {"metadata":{"emulator":{"name":"dataconnect"},"message":"E1007 12:42:25.018245   14072 watch.go:40] Failed to load config from \"c:\\\\laragon\\\\www\\\\Tropic-Colors\\\\dataconnect\": could not find dataconnect.yaml in `c:\\laragon\\www\\Tropic-Colors\\dataconnect`\n"}}
[debug] [2026-10-07T18:42:35.017Z] E1007 12:42:35.018193   14072 watch.go:40] Failed to load config from "c:\\laragon\\www\\Tropic-Colors\\dataconnect": could not find dataconnect.yaml in `c:\laragon\www\Tropic-Colors\dataconnect`
 {"metadata":{"emulator":{"name":"dataconnect"},"message":"E1007 12:42:35.018193   14072 watch.go:40] Failed to load config from \"c:\\\\laragon\\\\www\\\\Tropic-Colors\\\\dataconnect\": could not find dataconnect.yaml in `c:\\laragon\\www\\Tropic-Colors\\dataconnect`\n"}}
[debug] [2026-10-07T18:42:45.017Z] E1007 12:42:45.018182   14072 watch.go:40] Failed to load config from "c:\\laragon\\www\\Tropic-Colors\\dataconnect": could not find dataconnect.yaml in `c:\laragon\www\Tropic-Colors\dataconnect`
 {"metadata":{"emulator":{"name":"dataconnect"},"message":"E1007 12:42:45.018182   14072 watch.go:40] Failed to load config from \"c:\\\\laragon\\\\www\\\\Tropic-Colors\\\\dataconnect\": could not find dataconnect.yaml in `c:\\laragon\\www\\Tropic-Colors\\dataconnect`\n"}}
[debug] [2026-10-07T18:42:55.017Z] E1007 12:42:55.018276   14072 watch.go:40] Failed to load config from "c:\\laragon\\www\\Tropic-Colors\\dataconnect": could not find dataconnect.yaml in `c:\laragon\www\Tropic-Colors\dataconnect`
 {"metadata":{"emulator":{"name":"dataconnect"},"message":"E1007 12:42:55.018276   14072 watch.go:40] Failed to load config from \"c:\\\\laragon\\\\www\\\\Tropic-Colors\\\\dataconnect\": could not find dataconnect.yaml in `c:\\laragon\\www\\Tropic-Colors\\dataconnect`\n"}}
[debug] [2026-10-07T18:43:05.017Z] E1007 12:43:05.018074   14072 watch.go:40] Failed to load config from "c:\\laragon\\www\\Tropic-Colors\\dataconnect": could not find dataconnect.yaml in `c:\laragon\www\Tropic-Colors\dataconnect`
 {"metadata":{"emulator":{"name":"dataconnect"},"message":"E1007 12:43:05.018074   14072 watch.go:40] Failed to load config from \"c:\\\\laragon\\\\www\\\\Tropic-Colors\\\\dataconnect\": could not find dataconnect.yaml in `c:\\laragon\\www\\Tropic-Colors\\dataconnect`\n"}}
[debug] [2026-10-07T18:43:15.017Z] E1007 12:43:15.018118   14072 watch.go:40] Failed to load config from "c:\\laragon\\www\\Tropic-Colors\\dataconnect": could not find dataconnect.yaml in `c:\laragon\www\Tropic-Colors\dataconnect`
 {"metadata":{"emulator":{"name":"dataconnect"},"message":"E1007 12:43:15.018118   14072 watch.go:40] Failed to load config from \"c:\\\\laragon\\\\www\\\\Tropic-Colors\\\\dataconnect\": could not find dataconnect.yaml in `c:\\laragon\\www\\Tropic-Colors\\dataconnect`\n"}}
[debug] [2026-10-07T18:43:25.017Z] E1007 12:43:25.017901   14072 watch.go:40] Failed to load config from "c:\\laragon\\www\\Tropic-Colors\\dataconnect": could not find dataconnect.yaml in `c:\laragon\www\Tropic-Colors\dataconnect`
 {"metadata":{"emulator":{"name":"dataconnect"},"message":"E1007 12:43:25.017901   14072 watch.go:40] Failed to load config from \"c:\\\\laragon\\\\www\\\\Tropic-Colors\\\\dataconnect\": could not find dataconnect.yaml in `c:\\laragon\\www\\Tropic-Colors\\dataconnect`\n"}}
[debug] [2026-10-07T18:43:35.018Z] E1007 12:43:35.018202   14072 watch.go:40] Failed to load config from "c:\\laragon\\www\\Tropic-Colors\\dataconnect": could not find dataconnect.yaml in `c:\laragon\www\Tropic-Colors\dataconnect`
 {"metadata":{"emulator":{"name":"dataconnect"},"message":"E1007 12:43:35.018202   14072 watch.go:40] Failed to load config from \"c:\\\\laragon\\\\www\\\\Tropic-Colors\\\\dataconnect\": could not find dataconnect.yaml in `c:\\laragon\\www\\Tropic-Colors\\dataconnect`\n"}}
[debug] [2026-10-07T18:43:45.024Z] E1007 12:43:45.021663   14072 watch.go:40] Failed to load config from "c:\\laragon\\www\\Tropic-Colors\\dataconnect": could not find dataconnect.yaml in `c:\laragon\www\Tropic-Colors\dataconnect`
 {"metadata":{"emulator":{"name":"dataconnect"},"message":"E1007 12:43:45.021663   14072 watch.go:40] Failed to load config from \"c:\\\\laragon\\\\www\\\\Tropic-Colors\\\\dataconnect\": could not find dataconnect.yaml in `c:\\laragon\\www\\Tropic-Colors\\dataconnect`\n"}}
[debug] [2026-10-07T18:43:55.019Z] E1007 12:43:55.018341   14072 watch.go:40] Failed to load config from "c:\\laragon\\www\\Tropic-Colors\\dataconnect": could not find dataconnect.yaml in `c:\laragon\www\Tropic-Colors\dataconnect`
 {"metadata":{"emulator":{"name":"dataconnect"},"message":"E1007 12:43:55.018341   14072 watch.go:40] Failed to load config from \"c:\\\\laragon\\\\www\\\\Tropic-Colors\\\\dataconnect\": could not find dataconnect.yaml in `c:\\laragon\\www\\Tropic-Colors\\dataconnect`\n"}}
[debug] [2026-10-07T18:44:05.018Z] E1007 12:44:05.017996   14072 watch.go:40] Failed to load config from "c:\\laragon\\www\\Tropic-Colors\\dataconnect": could not find dataconnect.yaml in `c:\laragon\www\Tropic-Colors\dataconnect`
 {"metadata":{"emulator":{"name":"dataconnect"},"message":"E1007 12:44:05.017996   14072 watch.go:40] Failed to load config from \"c:\\\\laragon\\\\www\\\\Tropic-Colors\\\\dataconnect\": could not find dataconnect.yaml in `c:\\laragon\\www\\Tropic-Colors\\dataconnect`\n"}}
[debug] [2026-10-07T18:44:15.018Z] E1007 12:44:15.018122   14072 watch.go:40] Failed to load config from "c:\\laragon\\www\\Tropic-Colors\\dataconnect": could not find dataconnect.yaml in `c:\laragon\www\Tropic-Colors\dataconnect`
 {"metadata":{"emulator":{"name":"dataconnect"},"message":"E1007 12:44:15.018122   14072 watch.go:40] Failed to load config from \"c:\\\\laragon\\\\www\\\\Tropic-Colors\\\\dataconnect\": could not find dataconnect.yaml in `c:\\laragon\\www\\Tropic-Colors\\dataconnect`\n"}}
[debug] [2026-10-07T18:44:25.018Z] E1007 12:44:25.018082   14072 watch.go:40] Failed to load config from "c:\\laragon\\www\\Tropic-Colors\\dataconnect": could not find dataconnect.yaml in `c:\laragon\www\Tropic-Colors\dataconnect`
 {"metadata":{"emulator":{"name":"dataconnect"},"message":"E1007 12:44:25.018082   14072 watch.go:40] Failed to load config from \"c:\\\\laragon\\\\www\\\\Tropic-Colors\\\\dataconnect\": could not find dataconnect.yaml in `c:\\laragon\\www\\Tropic-Colors\\dataconnect`\n"}}
[debug] [2026-10-07T18:44:35.017Z] E1007 12:44:35.017897   14072 watch.go:40] Failed to load config from "c:\\laragon\\www\\Tropic-Colors\\dataconnect": could not find dataconnect.yaml in `c:\laragon\www\Tropic-Colors\dataconnect`
 {"metadata":{"emulator":{"name":"dataconnect"},"message":"E1007 12:44:35.017897   14072 watch.go:40] Failed to load config from \"c:\\\\laragon\\\\www\\\\Tropic-Colors\\\\dataconnect\": could not find dataconnect.yaml in `c:\\laragon\\www\\Tropic-Colors\\dataconnect`\n"}}
[debug] [2026-10-07T18:44:45.017Z] E1007 12:44:45.017886   14072 watch.go:40] Failed to load config from "c:\\laragon\\www\\Tropic-Colors\\dataconnect": could not find dataconnect.yaml in `c:\laragon\www\Tropic-Colors\dataconnect`
 {"metadata":{"emulator":{"name":"dataconnect"},"message":"E1007 12:44:45.017886   14072 watch.go:40] Failed to load config from \"c:\\\\laragon\\\\www\\\\Tropic-Colors\\\\dataconnect\": could not find dataconnect.yaml in `c:\\laragon\\www\\Tropic-Colors\\dataconnect`\n"}}
[debug] [2026-10-07T18:44:55.017Z] E1007 12:44:55.018102   14072 watch.go:40] Failed to load config from "c:\\laragon\\www\\Tropic-Colors\\dataconnect": could not find dataconnect.yaml in `c:\laragon\www\Tropic-Colors\dataconnect`
 {"metadata":{"emulator":{"name":"dataconnect"},"message":"E1007 12:44:55.018102   14072 watch.go:40] Failed to load config from \"c:\\\\laragon\\\\www\\\\Tropic-Colors\\\\dataconnect\": could not find dataconnect.yaml in `c:\\laragon\\www\\Tropic-Colors\\dataconnect`\n"}}
[debug] [2026-10-07T18:45:05.017Z] E1007 12:45:05.017810   14072 watch.go:40] Failed to load config from "c:\\laragon\\www\\Tropic-Colors\\dataconnect": could not find dataconnect.yaml in `c:\laragon\www\Tropic-Colors\dataconnect`
 {"metadata":{"emulator":{"name":"dataconnect"},"message":"E1007 12:45:05.017810   14072 watch.go:40] Failed to load config from \"c:\\\\laragon\\\\www\\\\Tropic-Colors\\\\dataconnect\": could not find dataconnect.yaml in `c:\\laragon\\www\\Tropic-Colors\\dataconnect`\n"}}
[debug] [2026-10-07T18:45:15.017Z] E1007 12:45:15.017880   14072 watch.go:40] Failed to load config from "c:\\laragon\\www\\Tropic-Colors\\dataconnect": could not find dataconnect.yaml in `c:\laragon\www\Tropic-Colors\dataconnect`
 {"metadata":{"emulator":{"name":"dataconnect"},"message":"E1007 12:45:15.017880   14072 watch.go:40] Failed to load config from \"c:\\\\laragon\\\\www\\\\Tropic-Colors\\\\dataconnect\": could not find dataconnect.yaml in `c:\\laragon\\www\\Tropic-Colors\\dataconnect`\n"}}
[debug] [2026-10-07T18:45:25.017Z] E1007 12:45:25.018189   14072 watch.go:40] Failed to load config from "c:\\laragon\\www\\Tropic-Colors\\dataconnect": could not find dataconnect.yaml in `c:\laragon\www\Tropic-Colors\dataconnect`
 {"metadata":{"emulator":{"name":"dataconnect"},"message":"E1007 12:45:25.018189   14072 watch.go:40] Failed to load config from \"c:\\\\laragon\\\\www\\\\Tropic-Colors\\\\dataconnect\": could not find dataconnect.yaml in `c:\\laragon\\www\\Tropic-Colors\\dataconnect`\n"}}
[debug] [2026-10-07T18:45:35.017Z] E1007 12:45:35.017853   14072 watch.go:40] Failed to load config from "c:\\laragon\\www\\Tropic-Colors\\dataconnect": could not find dataconnect.yaml in `c:\laragon\www\Tropic-Colors\dataconnect`
 {"metadata":{"emulator":{"name":"dataconnect"},"message":"E1007 12:45:35.017853   14072 watch.go:40] Failed to load config from \"c:\\\\laragon\\\\www\\\\Tropic-Colors\\\\dataconnect\": could not find dataconnect.yaml in `c:\\laragon\\www\\Tropic-Colors\\dataconnect`\n"}}
[debug] [2026-10-07T18:45:45.018Z] E1007 12:45:45.018192   14072 watch.go:40] Failed to load config from "c:\\laragon\\www\\Tropic-Colors\\dataconnect": could not find dataconnect.yaml in `c:\laragon\www\Tropic-Colors\dataconnect`
 {"metadata":{"emulator":{"name":"dataconnect"},"message":"E1007 12:45:45.018192   14072 watch.go:40] Failed to load config from \"c:\\\\laragon\\\\www\\\\Tropic-Colors\\\\dataconnect\": could not find dataconnect.yaml in `c:\\laragon\\www\\Tropic-Colors\\dataconnect`\n"}}
[debug] [2026-10-07T18:45:55.018Z] E1007 12:45:55.018556   14072 watch.go:40] Failed to load config from "c:\\laragon\\www\\Tropic-Colors\\dataconnect": could not find dataconnect.yaml in `c:\laragon\www\Tropic-Colors\dataconnect`
 {"metadata":{"emulator":{"name":"dataconnect"},"message":"E1007 12:45:55.018556   14072 watch.go:40] Failed to load config from \"c:\\\\laragon\\\\www\\\\Tropic-Colors\\\\dataconnect\": could not find dataconnect.yaml in `c:\\laragon\\www\\Tropic-Colors\\dataconnect`\n"}}
[debug] [2026-10-07T18:46:05.018Z] E1007 12:46:05.018136   14072 watch.go:40] Failed to load config from "c:\\laragon\\www\\Tropic-Colors\\dataconnect": could not find dataconnect.yaml in `c:\laragon\www\Tropic-Colors\dataconnect`
 {"metadata":{"emulator":{"name":"dataconnect"},"message":"E1007 12:46:05.018136   14072 watch.go:40] Failed to load config from \"c:\\\\laragon\\\\www\\\\Tropic-Colors\\\\dataconnect\": could not find dataconnect.yaml in `c:\\laragon\\www\\Tropic-Colors\\dataconnect`\n"}}
[debug] [2026-10-07T18:46:15.017Z] E1007 12:46:15.018120   14072 watch.go:40] Failed to load config from "c:\\laragon\\www\\Tropic-Colors\\dataconnect": could not find dataconnect.yaml in `c:\laragon\www\Tropic-Colors\dataconnect`
 {"metadata":{"emulator":{"name":"dataconnect"},"message":"E1007 12:46:15.018120   14072 watch.go:40] Failed to load config from \"c:\\\\laragon\\\\www\\\\Tropic-Colors\\\\dataconnect\": could not find dataconnect.yaml in `c:\\laragon\\www\\Tropic-Colors\\dataconnect`\n"}}
[debug] [2026-10-07T18:46:25.017Z] E1007 12:46:25.018111   14072 watch.go:40] Failed to load config from "c:\\laragon\\www\\Tropic-Colors\\dataconnect": could not find dataconnect.yaml in `c:\laragon\www\Tropic-Colors\dataconnect`
 {"metadata":{"emulator":{"name":"dataconnect"},"message":"E1007 12:46:25.018111   14072 watch.go:40] Failed to load config from \"c:\\\\laragon\\\\www\\\\Tropic-Colors\\\\dataconnect\": could not find dataconnect.yaml in `c:\\laragon\\www\\Tropic-Colors\\dataconnect`\n"}}
[debug] [2026-10-07T18:46:35.017Z] E1007 12:46:35.018218   14072 watch.go:40] Failed to load config from "c:\\laragon\\www\\Tropic-Colors\\dataconnect": could not find dataconnect.yaml in `c:\laragon\www\Tropic-Colors\dataconnect`
 {"metadata":{"emulator":{"name":"dataconnect"},"message":"E1007 12:46:35.018218   14072 watch.go:40] Failed to load config from \"c:\\\\laragon\\\\www\\\\Tropic-Colors\\\\dataconnect\": could not find dataconnect.yaml in `c:\\laragon\\www\\Tropic-Colors\\dataconnect`\n"}}
[debug] [2026-10-07T18:46:45.017Z] E1007 12:46:45.018212   14072 watch.go:40] Failed to load config from "c:\\laragon\\www\\Tropic-Colors\\dataconnect": could not find dataconnect.yaml in `c:\laragon\www\Tropic-Colors\dataconnect`
 {"metadata":{"emulator":{"name":"dataconnect"},"message":"E1007 12:46:45.018212   14072 watch.go:40] Failed to load config from \"c:\\\\laragon\\\\www\\\\Tropic-Colors\\\\dataconnect\": could not find dataconnect.yaml in `c:\\laragon\\www\\Tropic-Colors\\dataconnect`\n"}}
[debug] [2026-10-07T18:46:55.017Z] E1007 12:46:55.017916   14072 watch.go:40] Failed to load config from "c:\\laragon\\www\\Tropic-Colors\\dataconnect": could not find dataconnect.yaml in `c:\laragon\www\Tropic-Colors\dataconnect`
 {"metadata":{"emulator":{"name":"dataconnect"},"message":"E1007 12:46:55.017916   14072 watch.go:40] Failed to load config from \"c:\\\\laragon\\\\www\\\\Tropic-Colors\\\\dataconnect\": could not find dataconnect.yaml in `c:\\laragon\\www\\Tropic-Colors\\dataconnect`\n"}}
[debug] [2026-10-07T18:47:05.017Z] E1007 12:47:05.018177   14072 watch.go:40] Failed to load config from "c:\\laragon\\www\\Tropic-Colors\\dataconnect": could not find dataconnect.yaml in `c:\laragon\www\Tropic-Colors\dataconnect`
 {"metadata":{"emulator":{"name":"dataconnect"},"message":"E1007 12:47:05.018177   14072 watch.go:40] Failed to load config from \"c:\\\\laragon\\\\www\\\\Tropic-Colors\\\\dataconnect\": could not find dataconnect.yaml in `c:\\laragon\\www\\Tropic-Colors\\dataconnect`\n"}}
[debug] [2026-10-07T18:47:15.017Z] E1007 12:47:15.017874   14072 watch.go:40] Failed to load config from "c:\\laragon\\www\\Tropic-Colors\\dataconnect": could not find dataconnect.yaml in `c:\laragon\www\Tropic-Colors\dataconnect`
 {"metadata":{"emulator":{"name":"dataconnect"},"message":"E1007 12:47:15.017874   14072 watch.go:40] Failed to load config from \"c:\\\\laragon\\\\www\\\\Tropic-Colors\\\\dataconnect\": could not find dataconnect.yaml in `c:\\laragon\\www\\Tropic-Colors\\dataconnect`\n"}}
[debug] [2026-10-07T18:47:25.018Z] E1007 12:47:25.018216   14072 watch.go:40] Failed to load config from "c:\\laragon\\www\\Tropic-Colors\\dataconnect": could not find dataconnect.yaml in `c:\laragon\www\Tropic-Colors\dataconnect`
 {"metadata":{"emulator":{"name":"dataconnect"},"message":"E1007 12:47:25.018216   14072 watch.go:40] Failed to load config from \"c:\\\\laragon\\\\www\\\\Tropic-Colors\\\\dataconnect\": could not find dataconnect.yaml in `c:\\laragon\\www\\Tropic-Colors\\dataconnect`\n"}}
[debug] [2026-10-07T18:47:35.016Z] E1007 12:47:35.017955   14072 watch.go:40] Failed to load config from "c:\\laragon\\www\\Tropic-Colors\\dataconnect": could not find dataconnect.yaml in `c:\laragon\www\Tropic-Colors\dataconnect`
 {"metadata":{"emulator":{"name":"dataconnect"},"message":"E1007 12:47:35.017955   14072 watch.go:40] Failed to load config from \"c:\\\\laragon\\\\www\\\\Tropic-Colors\\\\dataconnect\": could not find dataconnect.yaml in `c:\\laragon\\www\\Tropic-Colors\\dataconnect`\n"}}
[debug] [2026-10-07T18:47:45.017Z] E1007 12:47:45.018006   14072 watch.go:40] Failed to load config from "c:\\laragon\\www\\Tropic-Colors\\dataconnect": could not find dataconnect.yaml in `c:\laragon\www\Tropic-Colors\dataconnect`
 {"metadata":{"emulator":{"name":"dataconnect"},"message":"E1007 12:47:45.018006   14072 watch.go:40] Failed to load config from \"c:\\\\laragon\\\\www\\\\Tropic-Colors\\\\dataconnect\": could not find dataconnect.yaml in `c:\\laragon\\www\\Tropic-Colors\\dataconnect`\n"}}
[debug] [2026-10-07T18:47:55.017Z] E1007 12:47:55.018057   14072 watch.go:40] Failed to load config from "c:\\laragon\\www\\Tropic-Colors\\dataconnect": could not find dataconnect.yaml in `c:\laragon\www\Tropic-Colors\dataconnect`
 {"metadata":{"emulator":{"name":"dataconnect"},"message":"E1007 12:47:55.018057   14072 watch.go:40] Failed to load config from \"c:\\\\laragon\\\\www\\\\Tropic-Colors\\\\dataconnect\": could not find dataconnect.yaml in `c:\\laragon\\www\\Tropic-Colors\\dataconnect`\n"}}
[debug] [2026-10-07T18:48:05.017Z] E1007 12:48:05.017872   14072 watch.go:40] Failed to load config from "c:\\laragon\\www\\Tropic-Colors\\dataconnect": could not find dataconnect.yaml in `c:\laragon\www\Tropic-Colors\dataconnect`
 {"metadata":{"emulator":{"name":"dataconnect"},"message":"E1007 12:48:05.017872   14072 watch.go:40] Failed to load config from \"c:\\\\laragon\\\\www\\\\Tropic-Colors\\\\dataconnect\": could not find dataconnect.yaml in `c:\\laragon\\www\\Tropic-Colors\\dataconnect`\n"}}
[debug] [2026-10-07T18:48:15.017Z] E1007 12:48:15.018157   14072 watch.go:40] Failed to load config from "c:\\laragon\\www\\Tropic-Colors\\dataconnect": could not find dataconnect.yaml in `c:\laragon\www\Tropic-Colors\dataconnect`
 {"metadata":{"emulator":{"name":"dataconnect"},"message":"E1007 12:48:15.018157   14072 watch.go:40] Failed to load config from \"c:\\\\laragon\\\\www\\\\Tropic-Colors\\\\dataconnect\": could not find dataconnect.yaml in `c:\\laragon\\www\\Tropic-Colors\\dataconnect`\n"}}
[debug] [2026-10-07T18:48:25.017Z] E1007 12:48:25.017931   14072 watch.go:40] Failed to load config from "c:\\laragon\\www\\Tropic-Colors\\dataconnect": could not find dataconnect.yaml in `c:\laragon\www\Tropic-Colors\dataconnect`
 {"metadata":{"emulator":{"name":"dataconnect"},"message":"E1007 12:48:25.017931   14072 watch.go:40] Failed to load config from \"c:\\\\laragon\\\\www\\\\Tropic-Colors\\\\dataconnect\": could not find dataconnect.yaml in `c:\\laragon\\www\\Tropic-Colors\\dataconnect`\n"}}
[debug] [2026-10-07T18:48:35.021Z] E1007 12:48:35.020709   14072 watch.go:40] Failed to load config from "c:\\laragon\\www\\Tropic-Colors\\dataconnect": could not find dataconnect.yaml in `c:\laragon\www\Tropic-Colors\dataconnect`
 {"metadata":{"emulator":{"name":"dataconnect"},"message":"E1007 12:48:35.020709   14072 watch.go:40] Failed to load config from \"c:\\\\laragon\\\\www\\\\Tropic-Colors\\\\dataconnect\": could not find dataconnect.yaml in `c:\\laragon\\www\\Tropic-Colors\\dataconnect`\n"}}
[debug] [2026-10-07T18:48:45.018Z] E1007 12:48:45.017980   14072 watch.go:40] Failed to load config from "c:\\laragon\\www\\Tropic-Colors\\dataconnect": could not find dataconnect.yaml in `c:\laragon\www\Tropic-Colors\dataconnect`
 {"metadata":{"emulator":{"name":"dataconnect"},"message":"E1007 12:48:45.017980   14072 watch.go:40] Failed to load config from \"c:\\\\laragon\\\\www\\\\Tropic-Colors\\\\dataconnect\": could not find dataconnect.yaml in `c:\\laragon\\www\\Tropic-Colors\\dataconnect`\n"}}
[debug] [2026-10-07T18:48:55.018Z] E1007 12:48:55.018426   14072 watch.go:40] Failed to load config from "c:\\laragon\\www\\Tropic-Colors\\dataconnect": could not find dataconnect.yaml in `c:\laragon\www\Tropic-Colors\dataconnect`
 {"metadata":{"emulator":{"name":"dataconnect"},"message":"E1007 12:48:55.018426   14072 watch.go:40] Failed to load config from \"c:\\\\laragon\\\\www\\\\Tropic-Colors\\\\dataconnect\": could not find dataconnect.yaml in `c:\\laragon\\www\\Tropic-Colors\\dataconnect`\n"}}
[debug] [2026-10-07T18:49:05.018Z] E1007 12:49:05.018235   14072 watch.go:40] Failed to load config from "c:\\laragon\\www\\Tropic-Colors\\dataconnect": could not find dataconnect.yaml in `c:\laragon\www\Tropic-Colors\dataconnect`
 {"metadata":{"emulator":{"name":"dataconnect"},"message":"E1007 12:49:05.018235   14072 watch.go:40] Failed to load config from \"c:\\\\laragon\\\\www\\\\Tropic-Colors\\\\dataconnect\": could not find dataconnect.yaml in `c:\\laragon\\www\\Tropic-Colors\\dataconnect`\n"}}
[debug] [2026-10-07T18:49:15.018Z] E1007 12:49:15.018295   14072 watch.go:40] Failed to load config from "c:\\laragon\\www\\Tropic-Colors\\dataconnect": could not find dataconnect.yaml in `c:\laragon\www\Tropic-Colors\dataconnect`
 {"metadata":{"emulator":{"name":"dataconnect"},"message":"E1007 12:49:15.018295   14072 watch.go:40] Failed to load config from \"c:\\\\laragon\\\\www\\\\Tropic-Colors\\\\dataconnect\": could not find dataconnect.yaml in `c:\\laragon\\www\\Tropic-Colors\\dataconnect`\n"}}
[debug] [2026-10-07T18:49:25.018Z] E1007 12:49:25.017950   14072 watch.go:40] Failed to load config from "c:\\laragon\\www\\Tropic-Colors\\dataconnect": could not find dataconnect.yaml in `c:\laragon\www\Tropic-Colors\dataconnect`
 {"metadata":{"emulator":{"name":"dataconnect"},"message":"E1007 12:49:25.017950   14072 watch.go:40] Failed to load config from \"c:\\\\laragon\\\\www\\\\Tropic-Colors\\\\dataconnect\": could not find dataconnect.yaml in `c:\\laragon\\www\\Tropic-Colors\\dataconnect`\n"}}
[debug] [2026-10-07T18:49:35.018Z] E1007 12:49:35.018057   14072 watch.go:40] Failed to load config from "c:\\laragon\\www\\Tropic-Colors\\dataconnect": could not find dataconnect.yaml in `c:\laragon\www\Tropic-Colors\dataconnect`
 {"metadata":{"emulator":{"name":"dataconnect"},"message":"E1007 12:49:35.018057   14072 watch.go:40] Failed to load config from \"c:\\\\laragon\\\\www\\\\Tropic-Colors\\\\dataconnect\": could not find dataconnect.yaml in `c:\\laragon\\www\\Tropic-Colors\\dataconnect`\n"}}
[debug] [2026-10-07T18:49:45.018Z] E1007 12:49:45.018137   14072 watch.go:40] Failed to load config from "c:\\laragon\\www\\Tropic-Colors\\dataconnect": could not find dataconnect.yaml in `c:\laragon\www\Tropic-Colors\dataconnect`
 {"metadata":{"emulator":{"name":"dataconnect"},"message":"E1007 12:49:45.018137   14072 watch.go:40] Failed to load config from \"c:\\\\laragon\\\\www\\\\Tropic-Colors\\\\dataconnect\": could not find dataconnect.yaml in `c:\\laragon\\www\\Tropic-Colors\\dataconnect`\n"}}
[debug] [2026-10-07T18:49:55.018Z] E1007 12:49:55.018062   14072 watch.go:40] Failed to load config from "c:\\laragon\\www\\Tropic-Colors\\dataconnect": could not find dataconnect.yaml in `c:\laragon\www\Tropic-Colors\dataconnect`
 {"metadata":{"emulator":{"name":"dataconnect"},"message":"E1007 12:49:55.018062   14072 watch.go:40] Failed to load config from \"c:\\\\laragon\\\\www\\\\Tropic-Colors\\\\dataconnect\": could not find dataconnect.yaml in `c:\\laragon\\www\\Tropic-Colors\\dataconnect`\n"}}
[debug] [2026-10-07T18:50:05.018Z] E1007 12:50:05.018393   14072 watch.go:40] Failed to load config from "c:\\laragon\\www\\Tropic-Colors\\dataconnect": could not find dataconnect.yaml in `c:\laragon\www\Tropic-Colors\dataconnect`
 {"metadata":{"emulator":{"name":"dataconnect"},"message":"E1007 12:50:05.018393   14072 watch.go:40] Failed to load config from \"c:\\\\laragon\\\\www\\\\Tropic-Colors\\\\dataconnect\": could not find dataconnect.yaml in `c:\\laragon\\www\\Tropic-Colors\\dataconnect`\n"}}
[debug] [2026-10-07T18:50:15.018Z] E1007 12:50:15.018029   14072 watch.go:40] Failed to load config from "c:\\laragon\\www\\Tropic-Colors\\dataconnect": could not find dataconnect.yaml in `c:\laragon\www\Tropic-Colors\dataconnect`
 {"metadata":{"emulator":{"name":"dataconnect"},"message":"E1007 12:50:15.018029   14072 watch.go:40] Failed to load config from \"c:\\\\laragon\\\\www\\\\Tropic-Colors\\\\dataconnect\": could not find dataconnect.yaml in `c:\\laragon\\www\\Tropic-Colors\\dataconnect`\n"}}
[debug] [2026-10-07T18:50:25.018Z] E1007 12:50:25.018238   14072 watch.go:40] Failed to load config from "c:\\laragon\\www\\Tropic-Colors\\dataconnect": could not find dataconnect.yaml in `c:\laragon\www\Tropic-Colors\dataconnect`
 {"metadata":{"emulator":{"name":"dataconnect"},"message":"E1007 12:50:25.018238   14072 watch.go:40] Failed to load config from \"c:\\\\laragon\\\\www\\\\Tropic-Colors\\\\dataconnect\": could not find dataconnect.yaml in `c:\\laragon\\www\\Tropic-Colors\\dataconnect`\n"}}
[debug] [2026-10-07T18:50:35.018Z] E1007 12:50:35.017953   14072 watch.go:40] Failed to load config from "c:\\laragon\\www\\Tropic-Colors\\dataconnect": could not find dataconnect.yaml in `c:\laragon\www\Tropic-Colors\dataconnect`
 {"metadata":{"emulator":{"name":"dataconnect"},"message":"E1007 12:50:35.017953   14072 watch.go:40] Failed to load config from \"c:\\\\laragon\\\\www\\\\Tropic-Colors\\\\dataconnect\": could not find dataconnect.yaml in `c:\\laragon\\www\\Tropic-Colors\\dataconnect`\n"}}
[debug] [2026-10-07T18:50:45.018Z] E1007 12:50:45.017857   14072 watch.go:40] Failed to load config from "c:\\laragon\\www\\Tropic-Colors\\dataconnect": could not find dataconnect.yaml in `c:\laragon\www\Tropic-Colors\dataconnect`
 {"metadata":{"emulator":{"name":"dataconnect"},"message":"E1007 12:50:45.017857   14072 watch.go:40] Failed to load config from \"c:\\\\laragon\\\\www\\\\Tropic-Colors\\\\dataconnect\": could not find dataconnect.yaml in `c:\\laragon\\www\\Tropic-Colors\\dataconnect`\n"}}
[debug] [2026-10-07T18:50:55.018Z] E1007 12:50:55.018281   14072 watch.go:40] Failed to load config from "c:\\laragon\\www\\Tropic-Colors\\dataconnect": could not find dataconnect.yaml in `c:\laragon\www\Tropic-Colors\dataconnect`
 {"metadata":{"emulator":{"name":"dataconnect"},"message":"E1007 12:50:55.018281   14072 watch.go:40] Failed to load config from \"c:\\\\laragon\\\\www\\\\Tropic-Colors\\\\dataconnect\": could not find dataconnect.yaml in `c:\\laragon\\www\\Tropic-Colors\\dataconnect`\n"}}
[debug] [2026-10-07T18:51:05.018Z] E1007 12:51:05.018056   14072 watch.go:40] Failed to load config from "c:\\laragon\\www\\Tropic-Colors\\dataconnect": could not find dataconnect.yaml in `c:\laragon\www\Tropic-Colors\dataconnect`
 {"metadata":{"emulator":{"name":"dataconnect"},"message":"E1007 12:51:05.018056   14072 watch.go:40] Failed to load config from \"c:\\\\laragon\\\\www\\\\Tropic-Colors\\\\dataconnect\": could not find dataconnect.yaml in `c:\\laragon\\www\\Tropic-Colors\\dataconnect`\n"}}
[debug] [2026-10-07T18:51:15.018Z] E1007 12:51:15.017847   14072 watch.go:40] Failed to load config from "c:\\laragon\\www\\Tropic-Colors\\dataconnect": could not find dataconnect.yaml in `c:\laragon\www\Tropic-Colors\dataconnect`
 {"metadata":{"emulator":{"name":"dataconnect"},"message":"E1007 12:51:15.017847   14072 watch.go:40] Failed to load config from \"c:\\\\laragon\\\\www\\\\Tropic-Colors\\\\dataconnect\": could not find dataconnect.yaml in `c:\\laragon\\www\\Tropic-Colors\\dataconnect`\n"}}
[debug] [2026-10-07T18:51:25.017Z] E1007 12:51:25.017985   14072 watch.go:40] Failed to load config from "c:\\laragon\\www\\Tropic-Colors\\dataconnect": could not find dataconnect.yaml in `c:\laragon\www\Tropic-Colors\dataconnect`
 {"metadata":{"emulator":{"name":"dataconnect"},"message":"E1007 12:51:25.017985   14072 watch.go:40] Failed to load config from \"c:\\\\laragon\\\\www\\\\Tropic-Colors\\\\dataconnect\": could not find dataconnect.yaml in `c:\\laragon\\www\\Tropic-Colors\\dataconnect`\n"}}
[debug] [2026-10-07T18:51:35.018Z] E1007 12:51:35.018250   14072 watch.go:40] Failed to load config from "c:\\laragon\\www\\Tropic-Colors\\dataconnect": could not find dataconnect.yaml in `c:\laragon\www\Tropic-Colors\dataconnect`
 {"metadata":{"emulator":{"name":"dataconnect"},"message":"E1007 12:51:35.018250   14072 watch.go:40] Failed to load config from \"c:\\\\laragon\\\\www\\\\Tropic-Colors\\\\dataconnect\": could not find dataconnect.yaml in `c:\\laragon\\www\\Tropic-Colors\\dataconnect`\n"}}
[debug] [2026-10-07T18:51:45.018Z] E1007 12:51:45.018236   14072 watch.go:40] Failed to load config from "c:\\laragon\\www\\Tropic-Colors\\dataconnect": could not find dataconnect.yaml in `c:\laragon\www\Tropic-Colors\dataconnect`
 {"metadata":{"emulator":{"name":"dataconnect"},"message":"E1007 12:51:45.018236   14072 watch.go:40] Failed to load config from \"c:\\\\laragon\\\\www\\\\Tropic-Colors\\\\dataconnect\": could not find dataconnect.yaml in `c:\\laragon\\www\\Tropic-Colors\\dataconnect`\n"}}
[debug] [2026-10-07T18:51:55.018Z] E1007 12:51:55.018199   14072 watch.go:40] Failed to load config from "c:\\laragon\\www\\Tropic-Colors\\dataconnect": could not find dataconnect.yaml in `c:\laragon\www\Tropic-Colors\dataconnect`
 {"metadata":{"emulator":{"name":"dataconnect"},"message":"E1007 12:51:55.018199   14072 watch.go:40] Failed to load config from \"c:\\\\laragon\\\\www\\\\Tropic-Colors\\\\dataconnect\": could not find dataconnect.yaml in `c:\\laragon\\www\\Tropic-Colors\\dataconnect`\n"}}
[debug] [2026-10-07T18:52:05.017Z] E1007 12:52:05.017918   14072 watch.go:40] Failed to load config from "c:\\laragon\\www\\Tropic-Colors\\dataconnect": could not find dataconnect.yaml in `c:\laragon\www\Tropic-Colors\dataconnect`
 {"metadata":{"emulator":{"name":"dataconnect"},"message":"E1007 12:52:05.017918   14072 watch.go:40] Failed to load config from \"c:\\\\laragon\\\\www\\\\Tropic-Colors\\\\dataconnect\": could not find dataconnect.yaml in `c:\\laragon\\www\\Tropic-Colors\\dataconnect`\n"}}
[debug] [2026-10-07T18:52:15.018Z] E1007 12:52:15.018034   14072 watch.go:40] Failed to load config from "c:\\laragon\\www\\Tropic-Colors\\dataconnect": could not find dataconnect.yaml in `c:\laragon\www\Tropic-Colors\dataconnect`
 {"metadata":{"emulator":{"name":"dataconnect"},"message":"E1007 12:52:15.018034   14072 watch.go:40] Failed to load config from \"c:\\\\laragon\\\\www\\\\Tropic-Colors\\\\dataconnect\": could not find dataconnect.yaml in `c:\\laragon\\www\\Tropic-Colors\\dataconnect`\n"}}
[debug] [2026-10-07T18:52:25.018Z] E1007 12:52:25.017934   14072 watch.go:40] Failed to load config from "c:\\laragon\\www\\Tropic-Colors\\dataconnect": could not find dataconnect.yaml in `c:\laragon\www\Tropic-Colors\dataconnect`
 {"metadata":{"emulator":{"name":"dataconnect"},"message":"E1007 12:52:25.017934   14072 watch.go:40] Failed to load config from \"c:\\\\laragon\\\\www\\\\Tropic-Colors\\\\dataconnect\": could not find dataconnect.yaml in `c:\\laragon\\www\\Tropic-Colors\\dataconnect`\n"}}
[debug] [2026-10-07T18:52:35.017Z] E1007 12:52:35.017807   14072 watch.go:40] Failed to load config from "c:\\laragon\\www\\Tropic-Colors\\dataconnect": could not find dataconnect.yaml in `c:\laragon\www\Tropic-Colors\dataconnect`
 {"metadata":{"emulator":{"name":"dataconnect"},"message":"E1007 12:52:35.017807   14072 watch.go:40] Failed to load config from \"c:\\\\laragon\\\\www\\\\Tropic-Colors\\\\dataconnect\": could not find dataconnect.yaml in `c:\\laragon\\www\\Tropic-Colors\\dataconnect`\n"}}
[debug] [2026-10-07T18:52:45.017Z] E1007 12:52:45.017960   14072 watch.go:40] Failed to load config from "c:\\laragon\\www\\Tropic-Colors\\dataconnect": could not find dataconnect.yaml in `c:\laragon\www\Tropic-Colors\dataconnect`
 {"metadata":{"emulator":{"name":"dataconnect"},"message":"E1007 12:52:45.017960   14072 watch.go:40] Failed to load config from \"c:\\\\laragon\\\\www\\\\Tropic-Colors\\\\dataconnect\": could not find dataconnect.yaml in `c:\\laragon\\www\\Tropic-Colors\\dataconnect`\n"}}
[debug] [2026-10-07T18:52:55.017Z] E1007 12:52:55.018090   14072 watch.go:40] Failed to load config from "c:\\laragon\\www\\Tropic-Colors\\dataconnect": could not find dataconnect.yaml in `c:\laragon\www\Tropic-Colors\dataconnect`
 {"metadata":{"emulator":{"name":"dataconnect"},"message":"E1007 12:52:55.018090   14072 watch.go:40] Failed to load config from \"c:\\\\laragon\\\\www\\\\Tropic-Colors\\\\dataconnect\": could not find dataconnect.yaml in `c:\\laragon\\www\\Tropic-Colors\\dataconnect`\n"}}
[debug] [2026-10-07T18:53:05.017Z] E1007 12:53:05.018241   14072 watch.go:40] Failed to load config from "c:\\laragon\\www\\Tropic-Colors\\dataconnect": could not find dataconnect.yaml in `c:\laragon\www\Tropic-Colors\dataconnect`
 {"metadata":{"emulator":{"name":"dataconnect"},"message":"E1007 12:53:05.018241   14072 watch.go:40] Failed to load config from \"c:\\\\laragon\\\\www\\\\Tropic-Colors\\\\dataconnect\": could not find dataconnect.yaml in `c:\\laragon\\www\\Tropic-Colors\\dataconnect`\n"}}
[debug] [2026-10-07T18:53:15.017Z] E1007 12:53:15.018193   14072 watch.go:40] Failed to load config from "c:\\laragon\\www\\Tropic-Colors\\dataconnect": could not find dataconnect.yaml in `c:\laragon\www\Tropic-Colors\dataconnect`
 {"metadata":{"emulator":{"name":"dataconnect"},"message":"E1007 12:53:15.018193   14072 watch.go:40] Failed to load config from \"c:\\\\laragon\\\\www\\\\Tropic-Colors\\\\dataconnect\": could not find dataconnect.yaml in `c:\\laragon\\www\\Tropic-Colors\\dataconnect`\n"}}
[debug] [2026-10-07T18:53:25.017Z] E1007 12:53:25.018186   14072 watch.go:40] Failed to load config from "c:\\laragon\\www\\Tropic-Colors\\dataconnect": could not find dataconnect.yaml in `c:\laragon\www\Tropic-Colors\dataconnect`
 {"metadata":{"emulator":{"name":"dataconnect"},"message":"E1007 12:53:25.018186   14072 watch.go:40] Failed to load config from \"c:\\\\laragon\\\\www\\\\Tropic-Colors\\\\dataconnect\": could not find dataconnect.yaml in `c:\\laragon\\www\\Tropic-Colors\\dataconnect`\n"}}
[debug] [2026-10-07T18:53:35.018Z] E1007 12:53:35.018167   14072 watch.go:40] Failed to load config from "c:\\laragon\\www\\Tropic-Colors\\dataconnect": could not find dataconnect.yaml in `c:\laragon\www\Tropic-Colors\dataconnect`
 {"metadata":{"emulator":{"name":"dataconnect"},"message":"E1007 12:53:35.018167   14072 watch.go:40] Failed to load config from \"c:\\\\laragon\\\\www\\\\Tropic-Colors\\\\dataconnect\": could not find dataconnect.yaml in `c:\\laragon\\www\\Tropic-Colors\\dataconnect`\n"}}
[debug] [2026-10-07T18:53:45.020Z] E1007 12:53:45.018251   14072 watch.go:40] Failed to load config from "c:\\laragon\\www\\Tropic-Colors\\dataconnect": could not find dataconnect.yaml in `c:\laragon\www\Tropic-Colors\dataconnect`
 {"metadata":{"emulator":{"name":"dataconnect"},"message":"E1007 12:53:45.018251   14072 watch.go:40] Failed to load config from \"c:\\\\laragon\\\\www\\\\Tropic-Colors\\\\dataconnect\": could not find dataconnect.yaml in `c:\\laragon\\www\\Tropic-Colors\\dataconnect`\n"}}
[debug] [2026-10-07T18:53:55.018Z] E1007 12:53:55.018352   14072 watch.go:40] Failed to load config from "c:\\laragon\\www\\Tropic-Colors\\dataconnect": could not find dataconnect.yaml in `c:\laragon\www\Tropic-Colors\dataconnect`
 {"metadata":{"emulator":{"name":"dataconnect"},"message":"E1007 12:53:55.018352   14072 watch.go:40] Failed to load config from \"c:\\\\laragon\\\\www\\\\Tropic-Colors\\\\dataconnect\": could not find dataconnect.yaml in `c:\\laragon\\www\\Tropic-Colors\\dataconnect`\n"}}
[debug] [2026-10-07T18:54:05.018Z] E1007 12:54:05.018178   14072 watch.go:40] Failed to load config from "c:\\laragon\\www\\Tropic-Colors\\dataconnect": could not find dataconnect.yaml in `c:\laragon\www\Tropic-Colors\dataconnect`
 {"metadata":{"emulator":{"name":"dataconnect"},"message":"E1007 12:54:05.018178   14072 watch.go:40] Failed to load config from \"c:\\\\laragon\\\\www\\\\Tropic-Colors\\\\dataconnect\": could not find dataconnect.yaml in `c:\\laragon\\www\\Tropic-Colors\\dataconnect`\n"}}
[debug] [2026-10-07T18:54:15.018Z] E1007 12:54:15.018006   14072 watch.go:40] Failed to load config from "c:\\laragon\\www\\Tropic-Colors\\dataconnect": could not find dataconnect.yaml in `c:\laragon\www\Tropic-Colors\dataconnect`
 {"metadata":{"emulator":{"name":"dataconnect"},"message":"E1007 12:54:15.018006   14072 watch.go:40] Failed to load config from \"c:\\\\laragon\\\\www\\\\Tropic-Colors\\\\dataconnect\": could not find dataconnect.yaml in `c:\\laragon\\www\\Tropic-Colors\\dataconnect`\n"}}
[debug] [2026-10-07T18:54:25.018Z] E1007 12:54:25.018134   14072 watch.go:40] Failed to load config from "c:\\laragon\\www\\Tropic-Colors\\dataconnect": could not find dataconnect.yaml in `c:\laragon\www\Tropic-Colors\dataconnect`
 {"metadata":{"emulator":{"name":"dataconnect"},"message":"E1007 12:54:25.018134   14072 watch.go:40] Failed to load config from \"c:\\\\laragon\\\\www\\\\Tropic-Colors\\\\dataconnect\": could not find dataconnect.yaml in `c:\\laragon\\www\\Tropic-Colors\\dataconnect`\n"}}
[debug] [2026-10-07T18:54:35.018Z] E1007 12:54:35.018530   14072 watch.go:40] Failed to load config from "c:\\laragon\\www\\Tropic-Colors\\dataconnect": could not find dataconnect.yaml in `c:\laragon\www\Tropic-Colors\dataconnect`
 {"metadata":{"emulator":{"name":"dataconnect"},"message":"E1007 12:54:35.018530   14072 watch.go:40] Failed to load config from \"c:\\\\laragon\\\\www\\\\Tropic-Colors\\\\dataconnect\": could not find dataconnect.yaml in `c:\\laragon\\www\\Tropic-Colors\\dataconnect`\n"}}
[debug] [2026-10-07T18:54:45.018Z] E1007 12:54:45.018260   14072 watch.go:40] Failed to load config from "c:\\laragon\\www\\Tropic-Colors\\dataconnect": could not find dataconnect.yaml in `c:\laragon\www\Tropic-Colors\dataconnect`
 {"metadata":{"emulator":{"name":"dataconnect"},"message":"E1007 12:54:45.018260   14072 watch.go:40] Failed to load config from \"c:\\\\laragon\\\\www\\\\Tropic-Colors\\\\dataconnect\": could not find dataconnect.yaml in `c:\\laragon\\www\\Tropic-Colors\\dataconnect`\n"}}
[debug] [2026-10-07T18:54:55.018Z] E1007 12:54:55.018392   14072 watch.go:40] Failed to load config from "c:\\laragon\\www\\Tropic-Colors\\dataconnect": could not find dataconnect.yaml in `c:\laragon\www\Tropic-Colors\dataconnect`
 {"metadata":{"emulator":{"name":"dataconnect"},"message":"E1007 12:54:55.018392   14072 watch.go:40] Failed to load config from \"c:\\\\laragon\\\\www\\\\Tropic-Colors\\\\dataconnect\": could not find dataconnect.yaml in `c:\\laragon\\www\\Tropic-Colors\\dataconnect`\n"}}
[debug] [2026-10-07T18:55:05.018Z] E1007 12:55:05.017939   14072 watch.go:40] Failed to load config from "c:\\laragon\\www\\Tropic-Colors\\dataconnect": could not find dataconnect.yaml in `c:\laragon\www\Tropic-Colors\dataconnect`
 {"metadata":{"emulator":{"name":"dataconnect"},"message":"E1007 12:55:05.017939   14072 watch.go:40] Failed to load config from \"c:\\\\laragon\\\\www\\\\Tropic-Colors\\\\dataconnect\": could not find dataconnect.yaml in `c:\\laragon\\www\\Tropic-Colors\\dataconnect`\n"}}
[debug] [2026-10-07T18:55:15.019Z] E1007 12:55:15.019083   14072 watch.go:40] Failed to load config from "c:\\laragon\\www\\Tropic-Colors\\dataconnect": could not find dataconnect.yaml in `c:\laragon\www\Tropic-Colors\dataconnect`
 {"metadata":{"emulator":{"name":"dataconnect"},"message":"E1007 12:55:15.019083   14072 watch.go:40] Failed to load config from \"c:\\\\laragon\\\\www\\\\Tropic-Colors\\\\dataconnect\": could not find dataconnect.yaml in `c:\\laragon\\www\\Tropic-Colors\\dataconnect`\n"}}
[debug] [2026-10-07T18:55:25.018Z] E1007 12:55:25.017979   14072 watch.go:40] Failed to load config from "c:\\laragon\\www\\Tropic-Colors\\dataconnect": could not find dataconnect.yaml in `c:\laragon\www\Tropic-Colors\dataconnect`
 {"metadata":{"emulator":{"name":"dataconnect"},"message":"E1007 12:55:25.017979   14072 watch.go:40] Failed to load config from \"c:\\\\laragon\\\\www\\\\Tropic-Colors\\\\dataconnect\": could not find dataconnect.yaml in `c:\\laragon\\www\\Tropic-Colors\\dataconnect`\n"}}
[debug] [2026-10-07T18:55:35.018Z] E1007 12:55:35.018244   14072 watch.go:40] Failed to load config from "c:\\laragon\\www\\Tropic-Colors\\dataconnect": could not find dataconnect.yaml in `c:\laragon\www\Tropic-Colors\dataconnect`
 {"metadata":{"emulator":{"name":"dataconnect"},"message":"E1007 12:55:35.018244   14072 watch.go:40] Failed to load config from \"c:\\\\laragon\\\\www\\\\Tropic-Colors\\\\dataconnect\": could not find dataconnect.yaml in `c:\\laragon\\www\\Tropic-Colors\\dataconnect`\n"}}
[debug] [2026-10-07T18:55:45.018Z] E1007 12:55:45.017936   14072 watch.go:40] Failed to load config from "c:\\laragon\\www\\Tropic-Colors\\dataconnect": could not find dataconnect.yaml in `c:\laragon\www\Tropic-Colors\dataconnect`
 {"metadata":{"emulator":{"name":"dataconnect"},"message":"E1007 12:55:45.017936   14072 watch.go:40] Failed to load config from \"c:\\\\laragon\\\\www\\\\Tropic-Colors\\\\dataconnect\": could not find dataconnect.yaml in `c:\\laragon\\www\\Tropic-Colors\\dataconnect`\n"}}
[debug] [2026-10-07T18:55:55.018Z] E1007 12:55:55.018447   14072 watch.go:40] Failed to load config from "c:\\laragon\\www\\Tropic-Colors\\dataconnect": could not find dataconnect.yaml in `c:\laragon\www\Tropic-Colors\dataconnect`
 {"metadata":{"emulator":{"name":"dataconnect"},"message":"E1007 12:55:55.018447   14072 watch.go:40] Failed to load config from \"c:\\\\laragon\\\\www\\\\Tropic-Colors\\\\dataconnect\": could not find dataconnect.yaml in `c:\\laragon\\www\\Tropic-Colors\\dataconnect`\n"}}
[debug] [2026-10-07T18:56:05.018Z] E1007 12:56:05.018015   14072 watch.go:40] Failed to load config from "c:\\laragon\\www\\Tropic-Colors\\dataconnect": could not find dataconnect.yaml in `c:\laragon\www\Tropic-Colors\dataconnect`
 {"metadata":{"emulator":{"name":"dataconnect"},"message":"E1007 12:56:05.018015   14072 watch.go:40] Failed to load config from \"c:\\\\laragon\\\\www\\\\Tropic-Colors\\\\dataconnect\": could not find dataconnect.yaml in `c:\\laragon\\www\\Tropic-Colors\\dataconnect`\n"}}
[debug] [2026-10-07T18:56:15.018Z] E1007 12:56:15.018160   14072 watch.go:40] Failed to load config from "c:\\laragon\\www\\Tropic-Colors\\dataconnect": could not find dataconnect.yaml in `c:\laragon\www\Tropic-Colors\dataconnect`
 {"metadata":{"emulator":{"name":"dataconnect"},"message":"E1007 12:56:15.018160   14072 watch.go:40] Failed to load config from \"c:\\\\laragon\\\\www\\\\Tropic-Colors\\\\dataconnect\": could not find dataconnect.yaml in `c:\\laragon\\www\\Tropic-Colors\\dataconnect`\n"}}
[debug] [2026-10-07T18:56:25.018Z] E1007 12:56:25.018120   14072 watch.go:40] Failed to load config from "c:\\laragon\\www\\Tropic-Colors\\dataconnect": could not find dataconnect.yaml in `c:\laragon\www\Tropic-Colors\dataconnect`
 {"metadata":{"emulator":{"name":"dataconnect"},"message":"E1007 12:56:25.018120   14072 watch.go:40] Failed to load config from \"c:\\\\laragon\\\\www\\\\Tropic-Colors\\\\dataconnect\": could not find dataconnect.yaml in `c:\\laragon\\www\\Tropic-Colors\\dataconnect`\n"}}
[debug] [2026-10-07T18:56:35.018Z] E1007 12:56:35.017929   14072 watch.go:40] Failed to load config from "c:\\laragon\\www\\Tropic-Colors\\dataconnect": could not find dataconnect.yaml in `c:\laragon\www\Tropic-Colors\dataconnect`
 {"metadata":{"emulator":{"name":"dataconnect"},"message":"E1007 12:56:35.017929   14072 watch.go:40] Failed to load config from \"c:\\\\laragon\\\\www\\\\Tropic-Colors\\\\dataconnect\": could not find dataconnect.yaml in `c:\\laragon\\www\\Tropic-Colors\\dataconnect`\n"}}
[debug] [2026-10-07T18:56:45.018Z] E1007 12:56:45.018154   14072 watch.go:40] Failed to load config from "c:\\laragon\\www\\Tropic-Colors\\dataconnect": could not find dataconnect.yaml in `c:\laragon\www\Tropic-Colors\dataconnect`
 {"metadata":{"emulator":{"name":"dataconnect"},"message":"E1007 12:56:45.018154   14072 watch.go:40] Failed to load config from \"c:\\\\laragon\\\\www\\\\Tropic-Colors\\\\dataconnect\": could not find dataconnect.yaml in `c:\\laragon\\www\\Tropic-Colors\\dataconnect`\n"}}
[debug] [2026-10-07T18:56:55.018Z] E1007 12:56:55.018176   14072 watch.go:40] Failed to load config from "c:\\laragon\\www\\Tropic-Colors\\dataconnect": could not find dataconnect.yaml in `c:\laragon\www\Tropic-Colors\dataconnect`
 {"metadata":{"emulator":{"name":"dataconnect"},"message":"E1007 12:56:55.018176   14072 watch.go:40] Failed to load config from \"c:\\\\laragon\\\\www\\\\Tropic-Colors\\\\dataconnect\": could not find dataconnect.yaml in `c:\\laragon\\www\\Tropic-Colors\\dataconnect`\n"}}
[debug] [2026-10-07T18:57:05.019Z] E1007 12:57:05.019490   14072 watch.go:40] Failed to load config from "c:\\laragon\\www\\Tropic-Colors\\dataconnect": could not find dataconnect.yaml in `c:\laragon\www\Tropic-Colors\dataconnect`
 {"metadata":{"emulator":{"name":"dataconnect"},"message":"E1007 12:57:05.019490   14072 watch.go:40] Failed to load config from \"c:\\\\laragon\\\\www\\\\Tropic-Colors\\\\dataconnect\": could not find dataconnect.yaml in `c:\\laragon\\www\\Tropic-Colors\\dataconnect`\n"}}
[debug] [2026-10-07T18:57:15.018Z] E1007 12:57:15.018167   14072 watch.go:40] Failed to load config from "c:\\laragon\\www\\Tropic-Colors\\dataconnect": could not find dataconnect.yaml in `c:\laragon\www\Tropic-Colors\dataconnect`
 {"metadata":{"emulator":{"name":"dataconnect"},"message":"E1007 12:57:15.018167   14072 watch.go:40] Failed to load config from \"c:\\\\laragon\\\\www\\\\Tropic-Colors\\\\dataconnect\": could not find dataconnect.yaml in `c:\\laragon\\www\\Tropic-Colors\\dataconnect`\n"}}
[debug] [2026-10-07T18:57:25.018Z] E1007 12:57:25.017920   14072 watch.go:40] Failed to load config from "c:\\laragon\\www\\Tropic-Colors\\dataconnect": could not find dataconnect.yaml in `c:\laragon\www\Tropic-Colors\dataconnect`
 {"metadata":{"emulator":{"name":"dataconnect"},"message":"E1007 12:57:25.017920   14072 watch.go:40] Failed to load config from \"c:\\\\laragon\\\\www\\\\Tropic-Colors\\\\dataconnect\": could not find dataconnect.yaml in `c:\\laragon\\www\\Tropic-Colors\\dataconnect`\n"}}
[debug] [2026-10-07T18:57:35.017Z] E1007 12:57:35.017933   14072 watch.go:40] Failed to load config from "c:\\laragon\\www\\Tropic-Colors\\dataconnect": could not find dataconnect.yaml in `c:\laragon\www\Tropic-Colors\dataconnect`
 {"metadata":{"emulator":{"name":"dataconnect"},"message":"E1007 12:57:35.017933   14072 watch.go:40] Failed to load config from \"c:\\\\laragon\\\\www\\\\Tropic-Colors\\\\dataconnect\": could not find dataconnect.yaml in `c:\\laragon\\www\\Tropic-Colors\\dataconnect`\n"}}
[debug] [2026-10-07T18:57:45.018Z] E1007 12:57:45.017987   14072 watch.go:40] Failed to load config from "c:\\laragon\\www\\Tropic-Colors\\dataconnect": could not find dataconnect.yaml in `c:\laragon\www\Tropic-Colors\dataconnect`
 {"metadata":{"emulator":{"name":"dataconnect"},"message":"E1007 12:57:45.017987   14072 watch.go:40] Failed to load config from \"c:\\\\laragon\\\\www\\\\Tropic-Colors\\\\dataconnect\": could not find dataconnect.yaml in `c:\\laragon\\www\\Tropic-Colors\\dataconnect`\n"}}
[debug] [2026-10-07T18:57:55.018Z] E1007 12:57:55.018075   14072 watch.go:40] Failed to load config from "c:\\laragon\\www\\Tropic-Colors\\dataconnect": could not find dataconnect.yaml in `c:\laragon\www\Tropic-Colors\dataconnect`
 {"metadata":{"emulator":{"name":"dataconnect"},"message":"E1007 12:57:55.018075   14072 watch.go:40] Failed to load config from \"c:\\\\laragon\\\\www\\\\Tropic-Colors\\\\dataconnect\": could not find dataconnect.yaml in `c:\\laragon\\www\\Tropic-Colors\\dataconnect`\n"}}
[debug] [2026-10-07T18:58:05.018Z] E1007 12:58:05.018312   14072 watch.go:40] Failed to load config from "c:\\laragon\\www\\Tropic-Colors\\dataconnect": could not find dataconnect.yaml in `c:\laragon\www\Tropic-Colors\dataconnect`
 {"metadata":{"emulator":{"name":"dataconnect"},"message":"E1007 12:58:05.018312   14072 watch.go:40] Failed to load config from \"c:\\\\laragon\\\\www\\\\Tropic-Colors\\\\dataconnect\": could not find dataconnect.yaml in `c:\\laragon\\www\\Tropic-Colors\\dataconnect`\n"}}
[debug] [2026-10-07T18:58:15.017Z] E1007 12:58:15.018056   14072 watch.go:40] Failed to load config from "c:\\laragon\\www\\Tropic-Colors\\dataconnect": could not find dataconnect.yaml in `c:\laragon\www\Tropic-Colors\dataconnect`
 {"metadata":{"emulator":{"name":"dataconnect"},"message":"E1007 12:58:15.018056   14072 watch.go:40] Failed to load config from \"c:\\\\laragon\\\\www\\\\Tropic-Colors\\\\dataconnect\": could not find dataconnect.yaml in `c:\\laragon\\www\\Tropic-Colors\\dataconnect`\n"}}
[debug] [2026-10-07T18:58:25.018Z] E1007 12:58:25.018728   14072 watch.go:40] Failed to load config from "c:\\laragon\\www\\Tropic-Colors\\dataconnect": could not find dataconnect.yaml in `c:\laragon\www\Tropic-Colors\dataconnect`
 {"metadata":{"emulator":{"name":"dataconnect"},"message":"E1007 12:58:25.018728   14072 watch.go:40] Failed to load config from \"c:\\\\laragon\\\\www\\\\Tropic-Colors\\\\dataconnect\": could not find dataconnect.yaml in `c:\\laragon\\www\\Tropic-Colors\\dataconnect`\n"}}
[debug] [2026-10-07T18:58:35.018Z] E1007 12:58:35.018273   14072 watch.go:40] Failed to load config from "c:\\laragon\\www\\Tropic-Colors\\dataconnect": could not find dataconnect.yaml in `c:\laragon\www\Tropic-Colors\dataconnect`
 {"metadata":{"emulator":{"name":"dataconnect"},"message":"E1007 12:58:35.018273   14072 watch.go:40] Failed to load config from \"c:\\\\laragon\\\\www\\\\Tropic-Colors\\\\dataconnect\": could not find dataconnect.yaml in `c:\\laragon\\www\\Tropic-Colors\\dataconnect`\n"}}
[debug] [2026-10-07T18:58:45.018Z] E1007 12:58:45.018137   14072 watch.go:40] Failed to load config from "c:\\laragon\\www\\Tropic-Colors\\dataconnect": could not find dataconnect.yaml in `c:\laragon\www\Tropic-Colors\dataconnect`
 {"metadata":{"emulator":{"name":"dataconnect"},"message":"E1007 12:58:45.018137   14072 watch.go:40] Failed to load config from \"c:\\\\laragon\\\\www\\\\Tropic-Colors\\\\dataconnect\": could not find dataconnect.yaml in `c:\\laragon\\www\\Tropic-Colors\\dataconnect`\n"}}
[debug] [2026-10-07T18:58:55.018Z] E1007 12:58:55.018065   14072 watch.go:40] Failed to load config from "c:\\laragon\\www\\Tropic-Colors\\dataconnect": could not find dataconnect.yaml in `c:\laragon\www\Tropic-Colors\dataconnect`
 {"metadata":{"emulator":{"name":"dataconnect"},"message":"E1007 12:58:55.018065   14072 watch.go:40] Failed to load config from \"c:\\\\laragon\\\\www\\\\Tropic-Colors\\\\dataconnect\": could not find dataconnect.yaml in `c:\\laragon\\www\\Tropic-Colors\\dataconnect`\n"}}
[debug] [2026-10-07T18:59:05.018Z] E1007 12:59:05.018023   14072 watch.go:40] Failed to load config from "c:\\laragon\\www\\Tropic-Colors\\dataconnect": could not find dataconnect.yaml in `c:\laragon\www\Tropic-Colors\dataconnect`
 {"metadata":{"emulator":{"name":"dataconnect"},"message":"E1007 12:59:05.018023   14072 watch.go:40] Failed to load config from \"c:\\\\laragon\\\\www\\\\Tropic-Colors\\\\dataconnect\": could not find dataconnect.yaml in `c:\\laragon\\www\\Tropic-Colors\\dataconnect`\n"}}
[debug] [2026-10-07T18:59:15.018Z] E1007 12:59:15.018224   14072 watch.go:40] Failed to load config from "c:\\laragon\\www\\Tropic-Colors\\dataconnect": could not find dataconnect.yaml in `c:\laragon\www\Tropic-Colors\dataconnect`
 {"metadata":{"emulator":{"name":"dataconnect"},"message":"E1007 12:59:15.018224   14072 watch.go:40] Failed to load config from \"c:\\\\laragon\\\\www\\\\Tropic-Colors\\\\dataconnect\": could not find dataconnect.yaml in `c:\\laragon\\www\\Tropic-Colors\\dataconnect`\n"}}
[debug] [2026-10-07T18:59:25.018Z] E1007 12:59:25.018204   14072 watch.go:40] Failed to load config from "c:\\laragon\\www\\Tropic-Colors\\dataconnect": could not find dataconnect.yaml in `c:\laragon\www\Tropic-Colors\dataconnect`
 {"metadata":{"emulator":{"name":"dataconnect"},"message":"E1007 12:59:25.018204   14072 watch.go:40] Failed to load config from \"c:\\\\laragon\\\\www\\\\Tropic-Colors\\\\dataconnect\": could not find dataconnect.yaml in `c:\\laragon\\www\\Tropic-Colors\\dataconnect`\n"}}
[debug] [2026-10-07T18:59:35.018Z] E1007 12:59:35.018091   14072 watch.go:40] Failed to load config from "c:\\laragon\\www\\Tropic-Colors\\dataconnect": could not find dataconnect.yaml in `c:\laragon\www\Tropic-Colors\dataconnect`
 {"metadata":{"emulator":{"name":"dataconnect"},"message":"E1007 12:59:35.018091   14072 watch.go:40] Failed to load config from \"c:\\\\laragon\\\\www\\\\Tropic-Colors\\\\dataconnect\": could not find dataconnect.yaml in `c:\\laragon\\www\\Tropic-Colors\\dataconnect`\n"}}
[debug] [2026-10-07T18:59:45.019Z] E1007 12:59:45.019009   14072 watch.go:40] Failed to load config from "c:\\laragon\\www\\Tropic-Colors\\dataconnect": could not find dataconnect.yaml in `c:\laragon\www\Tropic-Colors\dataconnect`
 {"metadata":{"emulator":{"name":"dataconnect"},"message":"E1007 12:59:45.019009   14072 watch.go:40] Failed to load config from \"c:\\\\laragon\\\\www\\\\Tropic-Colors\\\\dataconnect\": could not find dataconnect.yaml in `c:\\laragon\\www\\Tropic-Colors\\dataconnect`\n"}}
[debug] [2026-10-07T18:59:55.018Z] E1007 12:59:55.018073   14072 watch.go:40] Failed to load config from "c:\\laragon\\www\\Tropic-Colors\\dataconnect": could not find dataconnect.yaml in `c:\laragon\www\Tropic-Colors\dataconnect`
 {"metadata":{"emulator":{"name":"dataconnect"},"message":"E1007 12:59:55.018073   14072 watch.go:40] Failed to load config from \"c:\\\\laragon\\\\www\\\\Tropic-Colors\\\\dataconnect\": could not find dataconnect.yaml in `c:\\laragon\\www\\Tropic-Colors\\dataconnect`\n"}}
[debug] [2026-10-07T19:00:05.018Z] E1007 13:00:05.017967   14072 watch.go:40] Failed to load config from "c:\\laragon\\www\\Tropic-Colors\\dataconnect": could not find dataconnect.yaml in `c:\laragon\www\Tropic-Colors\dataconnect`
 {"metadata":{"emulator":{"name":"dataconnect"},"message":"E1007 13:00:05.017967   14072 watch.go:40] Failed to load config from \"c:\\\\laragon\\\\www\\\\Tropic-Colors\\\\dataconnect\": could not find dataconnect.yaml in `c:\\laragon\\www\\Tropic-Colors\\dataconnect`\n"}}
[debug] [2026-10-07T19:00:15.018Z] E1007 13:00:15.018247   14072 watch.go:40] Failed to load config from "c:\\laragon\\www\\Tropic-Colors\\dataconnect": could not find dataconnect.yaml in `c:\laragon\www\Tropic-Colors\dataconnect`
 {"metadata":{"emulator":{"name":"dataconnect"},"message":"E1007 13:00:15.018247   14072 watch.go:40] Failed to load config from \"c:\\\\laragon\\\\www\\\\Tropic-Colors\\\\dataconnect\": could not find dataconnect.yaml in `c:\\laragon\\www\\Tropic-Colors\\dataconnect`\n"}}
[debug] [2026-10-07T19:00:25.018Z] E1007 13:00:25.018191   14072 watch.go:40] Failed to load config from "c:\\laragon\\www\\Tropic-Colors\\dataconnect": could not find dataconnect.yaml in `c:\laragon\www\Tropic-Colors\dataconnect`
 {"metadata":{"emulator":{"name":"dataconnect"},"message":"E1007 13:00:25.018191   14072 watch.go:40] Failed to load config from \"c:\\\\laragon\\\\www\\\\Tropic-Colors\\\\dataconnect\": could not find dataconnect.yaml in `c:\\laragon\\www\\Tropic-Colors\\dataconnect`\n"}}
[debug] [2026-10-07T19:00:35.020Z] E1007 13:00:35.020000   14072 watch.go:40] Failed to load config from "c:\\laragon\\www\\Tropic-Colors\\dataconnect": could not find dataconnect.yaml in `c:\laragon\www\Tropic-Colors\dataconnect`
 {"metadata":{"emulator":{"name":"dataconnect"},"message":"E1007 13:00:35.020000   14072 watch.go:40] Failed to load config from \"c:\\\\laragon\\\\www\\\\Tropic-Colors\\\\dataconnect\": could not find dataconnect.yaml in `c:\\laragon\\www\\Tropic-Colors\\dataconnect`\n"}}
[debug] [2026-10-07T19:00:45.018Z] E1007 13:00:45.018225   14072 watch.go:40] Failed to load config from "c:\\laragon\\www\\Tropic-Colors\\dataconnect": could not find dataconnect.yaml in `c:\laragon\www\Tropic-Colors\dataconnect`
 {"metadata":{"emulator":{"name":"dataconnect"},"message":"E1007 13:00:45.018225   14072 watch.go:40] Failed to load config from \"c:\\\\laragon\\\\www\\\\Tropic-Colors\\\\dataconnect\": could not find dataconnect.yaml in `c:\\laragon\\www\\Tropic-Colors\\dataconnect`\n"}}
[debug] [2026-10-07T19:00:55.018Z] E1007 13:00:55.018133   14072 watch.go:40] Failed to load config from "c:\\laragon\\www\\Tropic-Colors\\dataconnect": could not find dataconnect.yaml in `c:\laragon\www\Tropic-Colors\dataconnect`
 {"metadata":{"emulator":{"name":"dataconnect"},"message":"E1007 13:00:55.018133   14072 watch.go:40] Failed to load config from \"c:\\\\laragon\\\\www\\\\Tropic-Colors\\\\dataconnect\": could not find dataconnect.yaml in `c:\\laragon\\www\\Tropic-Colors\\dataconnect`\n"}}
[debug] [2026-10-07T19:01:05.018Z] E1007 13:01:05.018131   14072 watch.go:40] Failed to load config from "c:\\laragon\\www\\Tropic-Colors\\dataconnect": could not find dataconnect.yaml in `c:\laragon\www\Tropic-Colors\dataconnect`
 {"metadata":{"emulator":{"name":"dataconnect"},"message":"E1007 13:01:05.018131   14072 watch.go:40] Failed to load config from \"c:\\\\laragon\\\\www\\\\Tropic-Colors\\\\dataconnect\": could not find dataconnect.yaml in `c:\\laragon\\www\\Tropic-Colors\\dataconnect`\n"}}
[debug] [2026-10-07T19:01:15.019Z] E1007 13:01:15.018632   14072 watch.go:40] Failed to load config from "c:\\laragon\\www\\Tropic-Colors\\dataconnect": could not find dataconnect.yaml in `c:\laragon\www\Tropic-Colors\dataconnect`
 {"metadata":{"emulator":{"name":"dataconnect"},"message":"E1007 13:01:15.018632   14072 watch.go:40] Failed to load config from \"c:\\\\laragon\\\\www\\\\Tropic-Colors\\\\dataconnect\": could not find dataconnect.yaml in `c:\\laragon\\www\\Tropic-Colors\\dataconnect`\n"}}
[debug] [2026-10-07T19:01:25.018Z] E1007 13:01:25.017887   14072 watch.go:40] Failed to load config from "c:\\laragon\\www\\Tropic-Colors\\dataconnect": could not find dataconnect.yaml in `c:\laragon\www\Tropic-Colors\dataconnect`
 {"metadata":{"emulator":{"name":"dataconnect"},"message":"E1007 13:01:25.017887   14072 watch.go:40] Failed to load config from \"c:\\\\laragon\\\\www\\\\Tropic-Colors\\\\dataconnect\": could not find dataconnect.yaml in `c:\\laragon\\www\\Tropic-Colors\\dataconnect`\n"}}
[debug] [2026-10-07T19:01:35.018Z] E1007 13:01:35.017968   14072 watch.go:40] Failed to load config from "c:\\laragon\\www\\Tropic-Colors\\dataconnect": could not find dataconnect.yaml in `c:\laragon\www\Tropic-Colors\dataconnect`
 {"metadata":{"emulator":{"name":"dataconnect"},"message":"E1007 13:01:35.017968   14072 watch.go:40] Failed to load config from \"c:\\\\laragon\\\\www\\\\Tropic-Colors\\\\dataconnect\": could not find dataconnect.yaml in `c:\\laragon\\www\\Tropic-Colors\\dataconnect`\n"}}
[debug] [2026-10-07T19:01:45.018Z] E1007 13:01:45.018294   14072 watch.go:40] Failed to load config from "c:\\laragon\\www\\Tropic-Colors\\dataconnect": could not find dataconnect.yaml in `c:\laragon\www\Tropic-Colors\dataconnect`
 {"metadata":{"emulator":{"name":"dataconnect"},"message":"E1007 13:01:45.018294   14072 watch.go:40] Failed to load config from \"c:\\\\laragon\\\\www\\\\Tropic-Colors\\\\dataconnect\": could not find dataconnect.yaml in `c:\\laragon\\www\\Tropic-Colors\\dataconnect`\n"}}
[debug] [2026-10-07T19:01:55.018Z] E1007 13:01:55.018066   14072 watch.go:40] Failed to load config from "c:\\laragon\\www\\Tropic-Colors\\dataconnect": could not find dataconnect.yaml in `c:\laragon\www\Tropic-Colors\dataconnect`
 {"metadata":{"emulator":{"name":"dataconnect"},"message":"E1007 13:01:55.018066   14072 watch.go:40] Failed to load config from \"c:\\\\laragon\\\\www\\\\Tropic-Colors\\\\dataconnect\": could not find dataconnect.yaml in `c:\\laragon\\www\\Tropic-Colors\\dataconnect`\n"}}
[debug] [2026-10-07T19:02:05.018Z] E1007 13:02:05.018240   14072 watch.go:40] Failed to load config from "c:\\laragon\\www\\Tropic-Colors\\dataconnect": could not find dataconnect.yaml in `c:\laragon\www\Tropic-Colors\dataconnect`
 {"metadata":{"emulator":{"name":"dataconnect"},"message":"E1007 13:02:05.018240   14072 watch.go:40] Failed to load config from \"c:\\\\laragon\\\\www\\\\Tropic-Colors\\\\dataconnect\": could not find dataconnect.yaml in `c:\\laragon\\www\\Tropic-Colors\\dataconnect`\n"}}
[debug] [2026-10-07T19:02:15.018Z] E1007 13:02:15.018505   14072 watch.go:40] Failed to load config from "c:\\laragon\\www\\Tropic-Colors\\dataconnect": could not find dataconnect.yaml in `c:\laragon\www\Tropic-Colors\dataconnect`
 {"metadata":{"emulator":{"name":"dataconnect"},"message":"E1007 13:02:15.018505   14072 watch.go:40] Failed to load config from \"c:\\\\laragon\\\\www\\\\Tropic-Colors\\\\dataconnect\": could not find dataconnect.yaml in `c:\\laragon\\www\\Tropic-Colors\\dataconnect`\n"}}
[debug] [2026-10-07T19:02:25.018Z] E1007 13:02:25.018249   14072 watch.go:40] Failed to load config from "c:\\laragon\\www\\Tropic-Colors\\dataconnect": could not find dataconnect.yaml in `c:\laragon\www\Tropic-Colors\dataconnect`
 {"metadata":{"emulator":{"name":"dataconnect"},"message":"E1007 13:02:25.018249   14072 watch.go:40] Failed to load config from \"c:\\\\laragon\\\\www\\\\Tropic-Colors\\\\dataconnect\": could not find dataconnect.yaml in `c:\\laragon\\www\\Tropic-Colors\\dataconnect`\n"}}
[debug] [2026-10-07T19:02:35.018Z] E1007 13:02:35.018138   14072 watch.go:40] Failed to load config from "c:\\laragon\\www\\Tropic-Colors\\dataconnect": could not find dataconnect.yaml in `c:\laragon\www\Tropic-Colors\dataconnect`
 {"metadata":{"emulator":{"name":"dataconnect"},"message":"E1007 13:02:35.018138   14072 watch.go:40] Failed to load config from \"c:\\\\laragon\\\\www\\\\Tropic-Colors\\\\dataconnect\": could not find dataconnect.yaml in `c:\\laragon\\www\\Tropic-Colors\\dataconnect`\n"}}
[debug] [2026-10-07T19:02:45.018Z] E1007 13:02:45.017942   14072 watch.go:40] Failed to load config from "c:\\laragon\\www\\Tropic-Colors\\dataconnect": could not find dataconnect.yaml in `c:\laragon\www\Tropic-Colors\dataconnect`
 {"metadata":{"emulator":{"name":"dataconnect"},"message":"E1007 13:02:45.017942   14072 watch.go:40] Failed to load config from \"c:\\\\laragon\\\\www\\\\Tropic-Colors\\\\dataconnect\": could not find dataconnect.yaml in `c:\\laragon\\www\\Tropic-Colors\\dataconnect`\n"}}
[debug] [2026-10-07T19:02:55.022Z] E1007 13:02:55.017876   14072 watch.go:40] Failed to load config from "c:\\laragon\\www\\Tropic-Colors\\dataconnect": could not find dataconnect.yaml in `c:\laragon\www\Tropic-Colors\dataconnect`
 {"metadata":{"emulator":{"name":"dataconnect"},"message":"E1007 13:02:55.017876   14072 watch.go:40] Failed to load config from \"c:\\\\laragon\\\\www\\\\Tropic-Colors\\\\dataconnect\": could not find dataconnect.yaml in `c:\\laragon\\www\\Tropic-Colors\\dataconnect`\n"}}
[debug] [2026-10-07T19:03:05.018Z] E1007 13:03:05.017986   14072 watch.go:40] Failed to load config from "c:\\laragon\\www\\Tropic-Colors\\dataconnect": could not find dataconnect.yaml in `c:\laragon\www\Tropic-Colors\dataconnect`
 {"metadata":{"emulator":{"name":"dataconnect"},"message":"E1007 13:03:05.017986   14072 watch.go:40] Failed to load config from \"c:\\\\laragon\\\\www\\\\Tropic-Colors\\\\dataconnect\": could not find dataconnect.yaml in `c:\\laragon\\www\\Tropic-Colors\\dataconnect`\n"}}
[debug] [2026-10-07T19:03:15.018Z] E1007 13:03:15.018045   14072 watch.go:40] Failed to load config from "c:\\laragon\\www\\Tropic-Colors\\dataconnect": could not find dataconnect.yaml in `c:\laragon\www\Tropic-Colors\dataconnect`
 {"metadata":{"emulator":{"name":"dataconnect"},"message":"E1007 13:03:15.018045   14072 watch.go:40] Failed to load config from \"c:\\\\laragon\\\\www\\\\Tropic-Colors\\\\dataconnect\": could not find dataconnect.yaml in `c:\\laragon\\www\\Tropic-Colors\\dataconnect`\n"}}
[debug] [2026-10-07T19:03:25.018Z] E1007 13:03:25.018184   14072 watch.go:40] Failed to load config from "c:\\laragon\\www\\Tropic-Colors\\dataconnect": could not find dataconnect.yaml in `c:\laragon\www\Tropic-Colors\dataconnect`
 {"metadata":{"emulator":{"name":"dataconnect"},"message":"E1007 13:03:25.018184   14072 watch.go:40] Failed to load config from \"c:\\\\laragon\\\\www\\\\Tropic-Colors\\\\dataconnect\": could not find dataconnect.yaml in `c:\\laragon\\www\\Tropic-Colors\\dataconnect`\n"}}
[debug] [2026-10-07T19:03:35.017Z] E1007 13:03:35.017783   14072 watch.go:40] Failed to load config from "c:\\laragon\\www\\Tropic-Colors\\dataconnect": could not find dataconnect.yaml in `c:\laragon\www\Tropic-Colors\dataconnect`
 {"metadata":{"emulator":{"name":"dataconnect"},"message":"E1007 13:03:35.017783   14072 watch.go:40] Failed to load config from \"c:\\\\laragon\\\\www\\\\Tropic-Colors\\\\dataconnect\": could not find dataconnect.yaml in `c:\\laragon\\www\\Tropic-Colors\\dataconnect`\n"}}
[debug] [2026-10-07T19:03:45.018Z] E1007 13:03:45.018018   14072 watch.go:40] Failed to load config from "c:\\laragon\\www\\Tropic-Colors\\dataconnect": could not find dataconnect.yaml in `c:\laragon\www\Tropic-Colors\dataconnect`
 {"metadata":{"emulator":{"name":"dataconnect"},"message":"E1007 13:03:45.018018   14072 watch.go:40] Failed to load config from \"c:\\\\laragon\\\\www\\\\Tropic-Colors\\\\dataconnect\": could not find dataconnect.yaml in `c:\\laragon\\www\\Tropic-Colors\\dataconnect`\n"}}
[debug] [2026-10-07T19:03:55.018Z] E1007 13:03:55.018168   14072 watch.go:40] Failed to load config from "c:\\laragon\\www\\Tropic-Colors\\dataconnect": could not find dataconnect.yaml in `c:\laragon\www\Tropic-Colors\dataconnect`
 {"metadata":{"emulator":{"name":"dataconnect"},"message":"E1007 13:03:55.018168   14072 watch.go:40] Failed to load config from \"c:\\\\laragon\\\\www\\\\Tropic-Colors\\\\dataconnect\": could not find dataconnect.yaml in `c:\\laragon\\www\\Tropic-Colors\\dataconnect`\n"}}
[debug] [2026-10-07T19:04:05.018Z] E1007 13:04:05.017880   14072 watch.go:40] Failed to load config from "c:\\laragon\\www\\Tropic-Colors\\dataconnect": could not find dataconnect.yaml in `c:\laragon\www\Tropic-Colors\dataconnect`
 {"metadata":{"emulator":{"name":"dataconnect"},"message":"E1007 13:04:05.017880   14072 watch.go:40] Failed to load config from \"c:\\\\laragon\\\\www\\\\Tropic-Colors\\\\dataconnect\": could not find dataconnect.yaml in `c:\\laragon\\www\\Tropic-Colors\\dataconnect`\n"}}
[debug] [2026-10-07T19:04:15.018Z] E1007 13:04:15.017917   14072 watch.go:40] Failed to load config from "c:\\laragon\\www\\Tropic-Colors\\dataconnect": could not find dataconnect.yaml in `c:\laragon\www\Tropic-Colors\dataconnect`
 {"metadata":{"emulator":{"name":"dataconnect"},"message":"E1007 13:04:15.017917   14072 watch.go:40] Failed to load config from \"c:\\\\laragon\\\\www\\\\Tropic-Colors\\\\dataconnect\": could not find dataconnect.yaml in `c:\\laragon\\www\\Tropic-Colors\\dataconnect`\n"}}
[debug] [2026-10-07T19:04:25.018Z] E1007 13:04:25.017824   14072 watch.go:40] Failed to load config from "c:\\laragon\\www\\Tropic-Colors\\dataconnect": could not find dataconnect.yaml in `c:\laragon\www\Tropic-Colors\dataconnect`
 {"metadata":{"emulator":{"name":"dataconnect"},"message":"E1007 13:04:25.017824   14072 watch.go:40] Failed to load config from \"c:\\\\laragon\\\\www\\\\Tropic-Colors\\\\dataconnect\": could not find dataconnect.yaml in `c:\\laragon\\www\\Tropic-Colors\\dataconnect`\n"}}
[debug] [2026-10-07T19:04:35.018Z] E1007 13:04:35.018265   14072 watch.go:40] Failed to load config from "c:\\laragon\\www\\Tropic-Colors\\dataconnect": could not find dataconnect.yaml in `c:\laragon\www\Tropic-Colors\dataconnect`
 {"metadata":{"emulator":{"name":"dataconnect"},"message":"E1007 13:04:35.018265   14072 watch.go:40] Failed to load config from \"c:\\\\laragon\\\\www\\\\Tropic-Colors\\\\dataconnect\": could not find dataconnect.yaml in `c:\\laragon\\www\\Tropic-Colors\\dataconnect`\n"}}
[debug] [2026-10-07T19:04:45.018Z] E1007 13:04:45.018146   14072 watch.go:40] Failed to load config from "c:\\laragon\\www\\Tropic-Colors\\dataconnect": could not find dataconnect.yaml in `c:\laragon\www\Tropic-Colors\dataconnect`
 {"metadata":{"emulator":{"name":"dataconnect"},"message":"E1007 13:04:45.018146   14072 watch.go:40] Failed to load config from \"c:\\\\laragon\\\\www\\\\Tropic-Colors\\\\dataconnect\": could not find dataconnect.yaml in `c:\\laragon\\www\\Tropic-Colors\\dataconnect`\n"}}
[debug] [2026-10-07T19:04:55.018Z] E1007 13:04:55.018264   14072 watch.go:40] Failed to load config from "c:\\laragon\\www\\Tropic-Colors\\dataconnect": could not find dataconnect.yaml in `c:\laragon\www\Tropic-Colors\dataconnect`
 {"metadata":{"emulator":{"name":"dataconnect"},"message":"E1007 13:04:55.018264   14072 watch.go:40] Failed to load config from \"c:\\\\laragon\\\\www\\\\Tropic-Colors\\\\dataconnect\": could not find dataconnect.yaml in `c:\\laragon\\www\\Tropic-Colors\\dataconnect`\n"}}
[debug] [2026-10-07T19:05:05.018Z] E1007 13:05:05.017858   14072 watch.go:40] Failed to load config from "c:\\laragon\\www\\Tropic-Colors\\dataconnect": could not find dataconnect.yaml in `c:\laragon\www\Tropic-Colors\dataconnect`
 {"metadata":{"emulator":{"name":"dataconnect"},"message":"E1007 13:05:05.017858   14072 watch.go:40] Failed to load config from \"c:\\\\laragon\\\\www\\\\Tropic-Colors\\\\dataconnect\": could not find dataconnect.yaml in `c:\\laragon\\www\\Tropic-Colors\\dataconnect`\n"}}
[debug] [2026-10-07T19:05:15.018Z] E1007 13:05:15.018003   14072 watch.go:40] Failed to load config from "c:\\laragon\\www\\Tropic-Colors\\dataconnect": could not find dataconnect.yaml in `c:\laragon\www\Tropic-Colors\dataconnect`
 {"metadata":{"emulator":{"name":"dataconnect"},"message":"E1007 13:05:15.018003   14072 watch.go:40] Failed to load config from \"c:\\\\laragon\\\\www\\\\Tropic-Colors\\\\dataconnect\": could not find dataconnect.yaml in `c:\\laragon\\www\\Tropic-Colors\\dataconnect`\n"}}
[debug] [2026-10-07T19:05:25.018Z] E1007 13:05:25.017885   14072 watch.go:40] Failed to load config from "c:\\laragon\\www\\Tropic-Colors\\dataconnect": could not find dataconnect.yaml in `c:\laragon\www\Tropic-Colors\dataconnect`
 {"metadata":{"emulator":{"name":"dataconnect"},"message":"E1007 13:05:25.017885   14072 watch.go:40] Failed to load config from \"c:\\\\laragon\\\\www\\\\Tropic-Colors\\\\dataconnect\": could not find dataconnect.yaml in `c:\\laragon\\www\\Tropic-Colors\\dataconnect`\n"}}
[debug] [2026-10-07T19:05:35.018Z] E1007 13:05:35.018044   14072 watch.go:40] Failed to load config from "c:\\laragon\\www\\Tropic-Colors\\dataconnect": could not find dataconnect.yaml in `c:\laragon\www\Tropic-Colors\dataconnect`
 {"metadata":{"emulator":{"name":"dataconnect"},"message":"E1007 13:05:35.018044   14072 watch.go:40] Failed to load config from \"c:\\\\laragon\\\\www\\\\Tropic-Colors\\\\dataconnect\": could not find dataconnect.yaml in `c:\\laragon\\www\\Tropic-Colors\\dataconnect`\n"}}
[debug] [2026-10-07T19:05:45.018Z] E1007 13:05:45.018172   14072 watch.go:40] Failed to load config from "c:\\laragon\\www\\Tropic-Colors\\dataconnect": could not find dataconnect.yaml in `c:\laragon\www\Tropic-Colors\dataconnect`
 {"metadata":{"emulator":{"name":"dataconnect"},"message":"E1007 13:05:45.018172   14072 watch.go:40] Failed to load config from \"c:\\\\laragon\\\\www\\\\Tropic-Colors\\\\dataconnect\": could not find dataconnect.yaml in `c:\\laragon\\www\\Tropic-Colors\\dataconnect`\n"}}
[debug] [2026-10-07T19:05:55.018Z] E1007 13:05:55.018066   14072 watch.go:40] Failed to load config from "c:\\laragon\\www\\Tropic-Colors\\dataconnect": could not find dataconnect.yaml in `c:\laragon\www\Tropic-Colors\dataconnect`
 {"metadata":{"emulator":{"name":"dataconnect"},"message":"E1007 13:05:55.018066   14072 watch.go:40] Failed to load config from \"c:\\\\laragon\\\\www\\\\Tropic-Colors\\\\dataconnect\": could not find dataconnect.yaml in `c:\\laragon\\www\\Tropic-Colors\\dataconnect`\n"}}
[debug] [2026-10-07T19:06:05.018Z] E1007 13:06:05.017866   14072 watch.go:40] Failed to load config from "c:\\laragon\\www\\Tropic-Colors\\dataconnect": could not find dataconnect.yaml in `c:\laragon\www\Tropic-Colors\dataconnect`
 {"metadata":{"emulator":{"name":"dataconnect"},"message":"E1007 13:06:05.017866   14072 watch.go:40] Failed to load config from \"c:\\\\laragon\\\\www\\\\Tropic-Colors\\\\dataconnect\": could not find dataconnect.yaml in `c:\\laragon\\www\\Tropic-Colors\\dataconnect`\n"}}
[debug] [2026-10-07T19:06:15.018Z] E1007 13:06:15.017909   14072 watch.go:40] Failed to load config from "c:\\laragon\\www\\Tropic-Colors\\dataconnect": could not find dataconnect.yaml in `c:\laragon\www\Tropic-Colors\dataconnect`
 {"metadata":{"emulator":{"name":"dataconnect"},"message":"E1007 13:06:15.017909   14072 watch.go:40] Failed to load config from \"c:\\\\laragon\\\\www\\\\Tropic-Colors\\\\dataconnect\": could not find dataconnect.yaml in `c:\\laragon\\www\\Tropic-Colors\\dataconnect`\n"}}
[debug] [2026-10-07T19:06:25.018Z] E1007 13:06:25.018240   14072 watch.go:40] Failed to load config from "c:\\laragon\\www\\Tropic-Colors\\dataconnect": could not find dataconnect.yaml in `c:\laragon\www\Tropic-Colors\dataconnect`
 {"metadata":{"emulator":{"name":"dataconnect"},"message":"E1007 13:06:25.018240   14072 watch.go:40] Failed to load config from \"c:\\\\laragon\\\\www\\\\Tropic-Colors\\\\dataconnect\": could not find dataconnect.yaml in `c:\\laragon\\www\\Tropic-Colors\\dataconnect`\n"}}
[debug] [2026-10-07T19:06:35.018Z] E1007 13:06:35.017854   14072 watch.go:40] Failed to load config from "c:\\laragon\\www\\Tropic-Colors\\dataconnect": could not find dataconnect.yaml in `c:\laragon\www\Tropic-Colors\dataconnect`
 {"metadata":{"emulator":{"name":"dataconnect"},"message":"E1007 13:06:35.017854   14072 watch.go:40] Failed to load config from \"c:\\\\laragon\\\\www\\\\Tropic-Colors\\\\dataconnect\": could not find dataconnect.yaml in `c:\\laragon\\www\\Tropic-Colors\\dataconnect`\n"}}
[debug] [2026-10-07T19:06:45.018Z] E1007 13:06:45.017986   14072 watch.go:40] Failed to load config from "c:\\laragon\\www\\Tropic-Colors\\dataconnect": could not find dataconnect.yaml in `c:\laragon\www\Tropic-Colors\dataconnect`
 {"metadata":{"emulator":{"name":"dataconnect"},"message":"E1007 13:06:45.017986   14072 watch.go:40] Failed to load config from \"c:\\\\laragon\\\\www\\\\Tropic-Colors\\\\dataconnect\": could not find dataconnect.yaml in `c:\\laragon\\www\\Tropic-Colors\\dataconnect`\n"}}
[debug] [2026-10-07T19:06:55.018Z] E1007 13:06:55.018270   14072 watch.go:40] Failed to load config from "c:\\laragon\\www\\Tropic-Colors\\dataconnect": could not find dataconnect.yaml in `c:\laragon\www\Tropic-Colors\dataconnect`
 {"metadata":{"emulator":{"name":"dataconnect"},"message":"E1007 13:06:55.018270   14072 watch.go:40] Failed to load config from \"c:\\\\laragon\\\\www\\\\Tropic-Colors\\\\dataconnect\": could not find dataconnect.yaml in `c:\\laragon\\www\\Tropic-Colors\\dataconnect`\n"}}
[debug] [2026-10-07T19:07:05.018Z] E1007 13:07:05.018340   14072 watch.go:40] Failed to load config from "c:\\laragon\\www\\Tropic-Colors\\dataconnect": could not find dataconnect.yaml in `c:\laragon\www\Tropic-Colors\dataconnect`
 {"metadata":{"emulator":{"name":"dataconnect"},"message":"E1007 13:07:05.018340   14072 watch.go:40] Failed to load config from \"c:\\\\laragon\\\\www\\\\Tropic-Colors\\\\dataconnect\": could not find dataconnect.yaml in `c:\\laragon\\www\\Tropic-Colors\\dataconnect`\n"}}
[debug] [2026-10-07T19:07:15.018Z] E1007 13:07:15.017954   14072 watch.go:40] Failed to load config from "c:\\laragon\\www\\Tropic-Colors\\dataconnect": could not find dataconnect.yaml in `c:\laragon\www\Tropic-Colors\dataconnect`
 {"metadata":{"emulator":{"name":"dataconnect"},"message":"E1007 13:07:15.017954   14072 watch.go:40] Failed to load config from \"c:\\\\laragon\\\\www\\\\Tropic-Colors\\\\dataconnect\": could not find dataconnect.yaml in `c:\\laragon\\www\\Tropic-Colors\\dataconnect`\n"}}
[debug] [2026-10-07T19:07:25.018Z] E1007 13:07:25.018202   14072 watch.go:40] Failed to load config from "c:\\laragon\\www\\Tropic-Colors\\dataconnect": could not find dataconnect.yaml in `c:\laragon\www\Tropic-Colors\dataconnect`
 {"metadata":{"emulator":{"name":"dataconnect"},"message":"E1007 13:07:25.018202   14072 watch.go:40] Failed to load config from \"c:\\\\laragon\\\\www\\\\Tropic-Colors\\\\dataconnect\": could not find dataconnect.yaml in `c:\\laragon\\www\\Tropic-Colors\\dataconnect`\n"}}
[debug] [2026-10-07T19:07:35.018Z] E1007 13:07:35.018135   14072 watch.go:40] Failed to load config from "c:\\laragon\\www\\Tropic-Colors\\dataconnect": could not find dataconnect.yaml in `c:\laragon\www\Tropic-Colors\dataconnect`
 {"metadata":{"emulator":{"name":"dataconnect"},"message":"E1007 13:07:35.018135   14072 watch.go:40] Failed to load config from \"c:\\\\laragon\\\\www\\\\Tropic-Colors\\\\dataconnect\": could not find dataconnect.yaml in `c:\\laragon\\www\\Tropic-Colors\\dataconnect`\n"}}
[debug] [2026-10-07T19:07:45.017Z] E1007 13:07:45.017814   14072 watch.go:40] Failed to load config from "c:\\laragon\\www\\Tropic-Colors\\dataconnect": could not find dataconnect.yaml in `c:\laragon\www\Tropic-Colors\dataconnect`
 {"metadata":{"emulator":{"name":"dataconnect"},"message":"E1007 13:07:45.017814   14072 watch.go:40] Failed to load config from \"c:\\\\laragon\\\\www\\\\Tropic-Colors\\\\dataconnect\": could not find dataconnect.yaml in `c:\\laragon\\www\\Tropic-Colors\\dataconnect`\n"}}
[debug] [2026-10-07T19:07:55.018Z] E1007 13:07:55.018052   14072 watch.go:40] Failed to load config from "c:\\laragon\\www\\Tropic-Colors\\dataconnect": could not find dataconnect.yaml in `c:\laragon\www\Tropic-Colors\dataconnect`
 {"metadata":{"emulator":{"name":"dataconnect"},"message":"E1007 13:07:55.018052   14072 watch.go:40] Failed to load config from \"c:\\\\laragon\\\\www\\\\Tropic-Colors\\\\dataconnect\": could not find dataconnect.yaml in `c:\\laragon\\www\\Tropic-Colors\\dataconnect`\n"}}
[debug] [2026-10-07T19:08:05.018Z] E1007 13:08:05.018291   14072 watch.go:40] Failed to load config from "c:\\laragon\\www\\Tropic-Colors\\dataconnect": could not find dataconnect.yaml in `c:\laragon\www\Tropic-Colors\dataconnect`
 {"metadata":{"emulator":{"name":"dataconnect"},"message":"E1007 13:08:05.018291   14072 watch.go:40] Failed to load config from \"c:\\\\laragon\\\\www\\\\Tropic-Colors\\\\dataconnect\": could not find dataconnect.yaml in `c:\\laragon\\www\\Tropic-Colors\\dataconnect`\n"}}
[debug] [2026-10-07T19:08:15.018Z] E1007 13:08:15.018191   14072 watch.go:40] Failed to load config from "c:\\laragon\\www\\Tropic-Colors\\dataconnect": could not find dataconnect.yaml in `c:\laragon\www\Tropic-Colors\dataconnect`
 {"metadata":{"emulator":{"name":"dataconnect"},"message":"E1007 13:08:15.018191   14072 watch.go:40] Failed to load config from \"c:\\\\laragon\\\\www\\\\Tropic-Colors\\\\dataconnect\": could not find dataconnect.yaml in `c:\\laragon\\www\\Tropic-Colors\\dataconnect`\n"}}
[debug] [2026-10-07T19:08:25.017Z] E1007 13:08:25.017895   14072 watch.go:40] Failed to load config from "c:\\laragon\\www\\Tropic-Colors\\dataconnect": could not find dataconnect.yaml in `c:\laragon\www\Tropic-Colors\dataconnect`
 {"metadata":{"emulator":{"name":"dataconnect"},"message":"E1007 13:08:25.017895   14072 watch.go:40] Failed to load config from \"c:\\\\laragon\\\\www\\\\Tropic-Colors\\\\dataconnect\": could not find dataconnect.yaml in `c:\\laragon\\www\\Tropic-Colors\\dataconnect`\n"}}
[debug] [2026-10-07T19:08:35.018Z] E1007 13:08:35.017988   14072 watch.go:40] Failed to load config from "c:\\laragon\\www\\Tropic-Colors\\dataconnect": could not find dataconnect.yaml in `c:\laragon\www\Tropic-Colors\dataconnect`
 {"metadata":{"emulator":{"name":"dataconnect"},"message":"E1007 13:08:35.017988   14072 watch.go:40] Failed to load config from \"c:\\\\laragon\\\\www\\\\Tropic-Colors\\\\dataconnect\": could not find dataconnect.yaml in `c:\\laragon\\www\\Tropic-Colors\\dataconnect`\n"}}
[debug] [2026-10-07T19:08:45.018Z] E1007 13:08:45.017910   14072 watch.go:40] Failed to load config from "c:\\laragon\\www\\Tropic-Colors\\dataconnect": could not find dataconnect.yaml in `c:\laragon\www\Tropic-Colors\dataconnect`
 {"metadata":{"emulator":{"name":"dataconnect"},"message":"E1007 13:08:45.017910   14072 watch.go:40] Failed to load config from \"c:\\\\laragon\\\\www\\\\Tropic-Colors\\\\dataconnect\": could not find dataconnect.yaml in `c:\\laragon\\www\\Tropic-Colors\\dataconnect`\n"}}
[debug] [2026-10-07T19:08:55.018Z] E1007 13:08:55.018006   14072 watch.go:40] Failed to load config from "c:\\laragon\\www\\Tropic-Colors\\dataconnect": could not find dataconnect.yaml in `c:\laragon\www\Tropic-Colors\dataconnect`
 {"metadata":{"emulator":{"name":"dataconnect"},"message":"E1007 13:08:55.018006   14072 watch.go:40] Failed to load config from \"c:\\\\laragon\\\\www\\\\Tropic-Colors\\\\dataconnect\": could not find dataconnect.yaml in `c:\\laragon\\www\\Tropic-Colors\\dataconnect`\n"}}
[debug] [2026-10-07T19:09:05.018Z] E1007 13:09:05.018050   14072 watch.go:40] Failed to load config from "c:\\laragon\\www\\Tropic-Colors\\dataconnect": could not find dataconnect.yaml in `c:\laragon\www\Tropic-Colors\dataconnect`
 {"metadata":{"emulator":{"name":"dataconnect"},"message":"E1007 13:09:05.018050   14072 watch.go:40] Failed to load config from \"c:\\\\laragon\\\\www\\\\Tropic-Colors\\\\dataconnect\": could not find dataconnect.yaml in `c:\\laragon\\www\\Tropic-Colors\\dataconnect`\n"}}
[debug] [2026-10-07T19:09:15.018Z] E1007 13:09:15.018027   14072 watch.go:40] Failed to load config from "c:\\laragon\\www\\Tropic-Colors\\dataconnect": could not find dataconnect.yaml in `c:\laragon\www\Tropic-Colors\dataconnect`
 {"metadata":{"emulator":{"name":"dataconnect"},"message":"E1007 13:09:15.018027   14072 watch.go:40] Failed to load config from \"c:\\\\laragon\\\\www\\\\Tropic-Colors\\\\dataconnect\": could not find dataconnect.yaml in `c:\\laragon\\www\\Tropic-Colors\\dataconnect`\n"}}
[debug] [2026-10-07T19:09:25.018Z] E1007 13:09:25.017932   14072 watch.go:40] Failed to load config from "c:\\laragon\\www\\Tropic-Colors\\dataconnect": could not find dataconnect.yaml in `c:\laragon\www\Tropic-Colors\dataconnect`
 {"metadata":{"emulator":{"name":"dataconnect"},"message":"E1007 13:09:25.017932   14072 watch.go:40] Failed to load config from \"c:\\\\laragon\\\\www\\\\Tropic-Colors\\\\dataconnect\": could not find dataconnect.yaml in `c:\\laragon\\www\\Tropic-Colors\\dataconnect`\n"}}
[debug] [2026-10-07T19:09:35.018Z] E1007 13:09:35.017860   14072 watch.go:40] Failed to load config from "c:\\laragon\\www\\Tropic-Colors\\dataconnect": could not find dataconnect.yaml in `c:\laragon\www\Tropic-Colors\dataconnect`
 {"metadata":{"emulator":{"name":"dataconnect"},"message":"E1007 13:09:35.017860   14072 watch.go:40] Failed to load config from \"c:\\\\laragon\\\\www\\\\Tropic-Colors\\\\dataconnect\": could not find dataconnect.yaml in `c:\\laragon\\www\\Tropic-Colors\\dataconnect`\n"}}
[debug] [2026-10-07T19:09:45.018Z] E1007 13:09:45.017925   14072 watch.go:40] Failed to load config from "c:\\laragon\\www\\Tropic-Colors\\dataconnect": could not find dataconnect.yaml in `c:\laragon\www\Tropic-Colors\dataconnect`
 {"metadata":{"emulator":{"name":"dataconnect"},"message":"E1007 13:09:45.017925   14072 watch.go:40] Failed to load config from \"c:\\\\laragon\\\\www\\\\Tropic-Colors\\\\dataconnect\": could not find dataconnect.yaml in `c:\\laragon\\www\\Tropic-Colors\\dataconnect`\n"}}
[debug] [2026-10-07T19:09:55.018Z] E1007 13:09:55.017726   14072 watch.go:40] Failed to load config from "c:\\laragon\\www\\Tropic-Colors\\dataconnect": could not find dataconnect.yaml in `c:\laragon\www\Tropic-Colors\dataconnect`
 {"metadata":{"emulator":{"name":"dataconnect"},"message":"E1007 13:09:55.017726   14072 watch.go:40] Failed to load config from \"c:\\\\laragon\\\\www\\\\Tropic-Colors\\\\dataconnect\": could not find dataconnect.yaml in `c:\\laragon\\www\\Tropic-Colors\\dataconnect`\n"}}
[debug] [2026-10-07T19:10:05.018Z] E1007 13:10:05.018607   14072 watch.go:40] Failed to load config from "c:\\laragon\\www\\Tropic-Colors\\dataconnect": could not find dataconnect.yaml in `c:\laragon\www\Tropic-Colors\dataconnect`
 {"metadata":{"emulator":{"name":"dataconnect"},"message":"E1007 13:10:05.018607   14072 watch.go:40] Failed to load config from \"c:\\\\laragon\\\\www\\\\Tropic-Colors\\\\dataconnect\": could not find dataconnect.yaml in `c:\\laragon\\www\\Tropic-Colors\\dataconnect`\n"}}
[debug] [2026-10-07T19:10:15.018Z] E1007 13:10:15.018147   14072 watch.go:40] Failed to load config from "c:\\laragon\\www\\Tropic-Colors\\dataconnect": could not find dataconnect.yaml in `c:\laragon\www\Tropic-Colors\dataconnect`
 {"metadata":{"emulator":{"name":"dataconnect"},"message":"E1007 13:10:15.018147   14072 watch.go:40] Failed to load config from \"c:\\\\laragon\\\\www\\\\Tropic-Colors\\\\dataconnect\": could not find dataconnect.yaml in `c:\\laragon\\www\\Tropic-Colors\\dataconnect`\n"}}
[debug] [2026-10-07T19:10:25.018Z] E1007 13:10:25.017914   14072 watch.go:40] Failed to load config from "c:\\laragon\\www\\Tropic-Colors\\dataconnect": could not find dataconnect.yaml in `c:\laragon\www\Tropic-Colors\dataconnect`
 {"metadata":{"emulator":{"name":"dataconnect"},"message":"E1007 13:10:25.017914   14072 watch.go:40] Failed to load config from \"c:\\\\laragon\\\\www\\\\Tropic-Colors\\\\dataconnect\": could not find dataconnect.yaml in `c:\\laragon\\www\\Tropic-Colors\\dataconnect`\n"}}
[debug] [2026-10-07T19:10:35.018Z] E1007 13:10:35.017998   14072 watch.go:40] Failed to load config from "c:\\laragon\\www\\Tropic-Colors\\dataconnect": could not find dataconnect.yaml in `c:\laragon\www\Tropic-Colors\dataconnect`
 {"metadata":{"emulator":{"name":"dataconnect"},"message":"E1007 13:10:35.017998   14072 watch.go:40] Failed to load config from \"c:\\\\laragon\\\\www\\\\Tropic-Colors\\\\dataconnect\": could not find dataconnect.yaml in `c:\\laragon\\www\\Tropic-Colors\\dataconnect`\n"}}
[debug] [2026-10-07T19:10:45.020Z] E1007 13:10:45.019694   14072 watch.go:40] Failed to load config from "c:\\laragon\\www\\Tropic-Colors\\dataconnect": could not find dataconnect.yaml in `c:\laragon\www\Tropic-Colors\dataconnect`
 {"metadata":{"emulator":{"name":"dataconnect"},"message":"E1007 13:10:45.019694   14072 watch.go:40] Failed to load config from \"c:\\\\laragon\\\\www\\\\Tropic-Colors\\\\dataconnect\": could not find dataconnect.yaml in `c:\\laragon\\www\\Tropic-Colors\\dataconnect`\n"}}
[debug] [2026-10-07T19:10:55.018Z] E1007 13:10:55.018230   14072 watch.go:40] Failed to load config from "c:\\laragon\\www\\Tropic-Colors\\dataconnect": could not find dataconnect.yaml in `c:\laragon\www\Tropic-Colors\dataconnect`
 {"metadata":{"emulator":{"name":"dataconnect"},"message":"E1007 13:10:55.018230   14072 watch.go:40] Failed to load config from \"c:\\\\laragon\\\\www\\\\Tropic-Colors\\\\dataconnect\": could not find dataconnect.yaml in `c:\\laragon\\www\\Tropic-Colors\\dataconnect`\n"}}
[debug] [2026-10-07T19:11:05.018Z] E1007 13:11:05.017851   14072 watch.go:40] Failed to load config from "c:\\laragon\\www\\Tropic-Colors\\dataconnect": could not find dataconnect.yaml in `c:\laragon\www\Tropic-Colors\dataconnect`
 {"metadata":{"emulator":{"name":"dataconnect"},"message":"E1007 13:11:05.017851   14072 watch.go:40] Failed to load config from \"c:\\\\laragon\\\\www\\\\Tropic-Colors\\\\dataconnect\": could not find dataconnect.yaml in `c:\\laragon\\www\\Tropic-Colors\\dataconnect`\n"}}
[debug] [2026-10-07T19:11:15.018Z] E1007 13:11:15.017831   14072 watch.go:40] Failed to load config from "c:\\laragon\\www\\Tropic-Colors\\dataconnect": could not find dataconnect.yaml in `c:\laragon\www\Tropic-Colors\dataconnect`
 {"metadata":{"emulator":{"name":"dataconnect"},"message":"E1007 13:11:15.017831   14072 watch.go:40] Failed to load config from \"c:\\\\laragon\\\\www\\\\Tropic-Colors\\\\dataconnect\": could not find dataconnect.yaml in `c:\\laragon\\www\\Tropic-Colors\\dataconnect`\n"}}
[debug] [2026-10-07T19:11:25.018Z] E1007 13:11:25.017969   14072 watch.go:40] Failed to load config from "c:\\laragon\\www\\Tropic-Colors\\dataconnect": could not find dataconnect.yaml in `c:\laragon\www\Tropic-Colors\dataconnect`
 {"metadata":{"emulator":{"name":"dataconnect"},"message":"E1007 13:11:25.017969   14072 watch.go:40] Failed to load config from \"c:\\\\laragon\\\\www\\\\Tropic-Colors\\\\dataconnect\": could not find dataconnect.yaml in `c:\\laragon\\www\\Tropic-Colors\\dataconnect`\n"}}
[debug] [2026-10-07T19:11:35.018Z] E1007 13:11:35.018046   14072 watch.go:40] Failed to load config from "c:\\laragon\\www\\Tropic-Colors\\dataconnect": could not find dataconnect.yaml in `c:\laragon\www\Tropic-Colors\dataconnect`
 {"metadata":{"emulator":{"name":"dataconnect"},"message":"E1007 13:11:35.018046   14072 watch.go:40] Failed to load config from \"c:\\\\laragon\\\\www\\\\Tropic-Colors\\\\dataconnect\": could not find dataconnect.yaml in `c:\\laragon\\www\\Tropic-Colors\\dataconnect`\n"}}
[debug] [2026-10-07T19:11:45.018Z] E1007 13:11:45.018168   14072 watch.go:40] Failed to load config from "c:\\laragon\\www\\Tropic-Colors\\dataconnect": could not find dataconnect.yaml in `c:\laragon\www\Tropic-Colors\dataconnect`
 {"metadata":{"emulator":{"name":"dataconnect"},"message":"E1007 13:11:45.018168   14072 watch.go:40] Failed to load config from \"c:\\\\laragon\\\\www\\\\Tropic-Colors\\\\dataconnect\": could not find dataconnect.yaml in `c:\\laragon\\www\\Tropic-Colors\\dataconnect`\n"}}
[debug] [2026-10-07T19:11:55.018Z] E1007 13:11:55.018139   14072 watch.go:40] Failed to load config from "c:\\laragon\\www\\Tropic-Colors\\dataconnect": could not find dataconnect.yaml in `c:\laragon\www\Tropic-Colors\dataconnect`
 {"metadata":{"emulator":{"name":"dataconnect"},"message":"E1007 13:11:55.018139   14072 watch.go:40] Failed to load config from \"c:\\\\laragon\\\\www\\\\Tropic-Colors\\\\dataconnect\": could not find dataconnect.yaml in `c:\\laragon\\www\\Tropic-Colors\\dataconnect`\n"}}
[debug] [2026-10-07T19:12:05.018Z] E1007 13:12:05.018224   14072 watch.go:40] Failed to load config from "c:\\laragon\\www\\Tropic-Colors\\dataconnect": could not find dataconnect.yaml in `c:\laragon\www\Tropic-Colors\dataconnect`
 {"metadata":{"emulator":{"name":"dataconnect"},"message":"E1007 13:12:05.018224   14072 watch.go:40] Failed to load config from \"c:\\\\laragon\\\\www\\\\Tropic-Colors\\\\dataconnect\": could not find dataconnect.yaml in `c:\\laragon\\www\\Tropic-Colors\\dataconnect`\n"}}
[debug] [2026-10-07T19:12:15.021Z] E1007 13:12:15.018960   14072 watch.go:40] Failed to load config from "c:\\laragon\\www\\Tropic-Colors\\dataconnect": could not find dataconnect.yaml in `c:\laragon\www\Tropic-Colors\dataconnect`
 {"metadata":{"emulator":{"name":"dataconnect"},"message":"E1007 13:12:15.018960   14072 watch.go:40] Failed to load config from \"c:\\\\laragon\\\\www\\\\Tropic-Colors\\\\dataconnect\": could not find dataconnect.yaml in `c:\\laragon\\www\\Tropic-Colors\\dataconnect`\n"}}
[debug] [2026-10-07T19:12:25.020Z] E1007 13:12:25.019990   14072 watch.go:40] Failed to load config from "c:\\laragon\\www\\Tropic-Colors\\dataconnect": could not find dataconnect.yaml in `c:\laragon\www\Tropic-Colors\dataconnect`
 {"metadata":{"emulator":{"name":"dataconnect"},"message":"E1007 13:12:25.019990   14072 watch.go:40] Failed to load config from \"c:\\\\laragon\\\\www\\\\Tropic-Colors\\\\dataconnect\": could not find dataconnect.yaml in `c:\\laragon\\www\\Tropic-Colors\\dataconnect`\n"}}
[debug] [2026-10-07T19:12:35.019Z] E1007 13:12:35.018220   14072 watch.go:40] Failed to load config from "c:\\laragon\\www\\Tropic-Colors\\dataconnect": could not find dataconnect.yaml in `c:\laragon\www\Tropic-Colors\dataconnect`
 {"metadata":{"emulator":{"name":"dataconnect"},"message":"E1007 13:12:35.018220   14072 watch.go:40] Failed to load config from \"c:\\\\laragon\\\\www\\\\Tropic-Colors\\\\dataconnect\": could not find dataconnect.yaml in `c:\\laragon\\www\\Tropic-Colors\\dataconnect`\n"}}
[debug] [2026-10-07T19:12:45.018Z] E1007 13:12:45.017849   14072 watch.go:40] Failed to load config from "c:\\laragon\\www\\Tropic-Colors\\dataconnect": could not find dataconnect.yaml in `c:\laragon\www\Tropic-Colors\dataconnect`
 {"metadata":{"emulator":{"name":"dataconnect"},"message":"E1007 13:12:45.017849   14072 watch.go:40] Failed to load config from \"c:\\\\laragon\\\\www\\\\Tropic-Colors\\\\dataconnect\": could not find dataconnect.yaml in `c:\\laragon\\www\\Tropic-Colors\\dataconnect`\n"}}
[debug] [2026-10-07T19:12:55.018Z] E1007 13:12:55.018748   14072 watch.go:40] Failed to load config from "c:\\laragon\\www\\Tropic-Colors\\dataconnect": could not find dataconnect.yaml in `c:\laragon\www\Tropic-Colors\dataconnect`
 {"metadata":{"emulator":{"name":"dataconnect"},"message":"E1007 13:12:55.018748   14072 watch.go:40] Failed to load config from \"c:\\\\laragon\\\\www\\\\Tropic-Colors\\\\dataconnect\": could not find dataconnect.yaml in `c:\\laragon\\www\\Tropic-Colors\\dataconnect`\n"}}
[debug] [2026-10-07T19:13:05.017Z] E1007 13:13:05.018119   14072 watch.go:40] Failed to load config from "c:\\laragon\\www\\Tropic-Colors\\dataconnect": could not find dataconnect.yaml in `c:\laragon\www\Tropic-Colors\dataconnect`
 {"metadata":{"emulator":{"name":"dataconnect"},"message":"E1007 13:13:05.018119   14072 watch.go:40] Failed to load config from \"c:\\\\laragon\\\\www\\\\Tropic-Colors\\\\dataconnect\": could not find dataconnect.yaml in `c:\\laragon\\www\\Tropic-Colors\\dataconnect`\n"}}
[debug] [2026-10-07T19:13:15.018Z] E1007 13:13:15.018142   14072 watch.go:40] Failed to load config from "c:\\laragon\\www\\Tropic-Colors\\dataconnect": could not find dataconnect.yaml in `c:\laragon\www\Tropic-Colors\dataconnect`
 {"metadata":{"emulator":{"name":"dataconnect"},"message":"E1007 13:13:15.018142   14072 watch.go:40] Failed to load config from \"c:\\\\laragon\\\\www\\\\Tropic-Colors\\\\dataconnect\": could not find dataconnect.yaml in `c:\\laragon\\www\\Tropic-Colors\\dataconnect`\n"}}
[debug] [2026-10-07T19:13:25.018Z] E1007 13:13:25.017924   14072 watch.go:40] Failed to load config from "c:\\laragon\\www\\Tropic-Colors\\dataconnect": could not find dataconnect.yaml in `c:\laragon\www\Tropic-Colors\dataconnect`
 {"metadata":{"emulator":{"name":"dataconnect"},"message":"E1007 13:13:25.017924   14072 watch.go:40] Failed to load config from \"c:\\\\laragon\\\\www\\\\Tropic-Colors\\\\dataconnect\": could not find dataconnect.yaml in `c:\\laragon\\www\\Tropic-Colors\\dataconnect`\n"}}
[debug] [2026-10-07T19:13:35.017Z] E1007 13:13:35.018043   14072 watch.go:40] Failed to load config from "c:\\laragon\\www\\Tropic-Colors\\dataconnect": could not find dataconnect.yaml in `c:\laragon\www\Tropic-Colors\dataconnect`
 {"metadata":{"emulator":{"name":"dataconnect"},"message":"E1007 13:13:35.018043   14072 watch.go:40] Failed to load config from \"c:\\\\laragon\\\\www\\\\Tropic-Colors\\\\dataconnect\": could not find dataconnect.yaml in `c:\\laragon\\www\\Tropic-Colors\\dataconnect`\n"}}
[debug] [2026-10-07T19:13:45.018Z] E1007 13:13:45.018510   14072 watch.go:40] Failed to load config from "c:\\laragon\\www\\Tropic-Colors\\dataconnect": could not find dataconnect.yaml in `c:\laragon\www\Tropic-Colors\dataconnect`
 {"metadata":{"emulator":{"name":"dataconnect"},"message":"E1007 13:13:45.018510   14072 watch.go:40] Failed to load config from \"c:\\\\laragon\\\\www\\\\Tropic-Colors\\\\dataconnect\": could not find dataconnect.yaml in `c:\\laragon\\www\\Tropic-Colors\\dataconnect`\n"}}
[debug] [2026-10-07T19:13:55.018Z] E1007 13:13:55.018227   14072 watch.go:40] Failed to load config from "c:\\laragon\\www\\Tropic-Colors\\dataconnect": could not find dataconnect.yaml in `c:\laragon\www\Tropic-Colors\dataconnect`
 {"metadata":{"emulator":{"name":"dataconnect"},"message":"E1007 13:13:55.018227   14072 watch.go:40] Failed to load config from \"c:\\\\laragon\\\\www\\\\Tropic-Colors\\\\dataconnect\": could not find dataconnect.yaml in `c:\\laragon\\www\\Tropic-Colors\\dataconnect`\n"}}
[debug] [2026-10-07T19:14:05.018Z] E1007 13:14:05.017823   14072 watch.go:40] Failed to load config from "c:\\laragon\\www\\Tropic-Colors\\dataconnect": could not find dataconnect.yaml in `c:\laragon\www\Tropic-Colors\dataconnect`
 {"metadata":{"emulator":{"name":"dataconnect"},"message":"E1007 13:14:05.017823   14072 watch.go:40] Failed to load config from \"c:\\\\laragon\\\\www\\\\Tropic-Colors\\\\dataconnect\": could not find dataconnect.yaml in `c:\\laragon\\www\\Tropic-Colors\\dataconnect`\n"}}
[debug] [2026-10-07T19:14:15.018Z] E1007 13:14:15.018264   14072 watch.go:40] Failed to load config from "c:\\laragon\\www\\Tropic-Colors\\dataconnect": could not find dataconnect.yaml in `c:\laragon\www\Tropic-Colors\dataconnect`
 {"metadata":{"emulator":{"name":"dataconnect"},"message":"E1007 13:14:15.018264   14072 watch.go:40] Failed to load config from \"c:\\\\laragon\\\\www\\\\Tropic-Colors\\\\dataconnect\": could not find dataconnect.yaml in `c:\\laragon\\www\\Tropic-Colors\\dataconnect`\n"}}
[debug] [2026-10-07T19:14:25.018Z] E1007 13:14:25.018082   14072 watch.go:40] Failed to load config from "c:\\laragon\\www\\Tropic-Colors\\dataconnect": could not find dataconnect.yaml in `c:\laragon\www\Tropic-Colors\dataconnect`
 {"metadata":{"emulator":{"name":"dataconnect"},"message":"E1007 13:14:25.018082   14072 watch.go:40] Failed to load config from \"c:\\\\laragon\\\\www\\\\Tropic-Colors\\\\dataconnect\": could not find dataconnect.yaml in `c:\\laragon\\www\\Tropic-Colors\\dataconnect`\n"}}
[debug] [2026-10-07T19:14:35.018Z] E1007 13:14:35.018164   14072 watch.go:40] Failed to load config from "c:\\laragon\\www\\Tropic-Colors\\dataconnect": could not find dataconnect.yaml in `c:\laragon\www\Tropic-Colors\dataconnect`
 {"metadata":{"emulator":{"name":"dataconnect"},"message":"E1007 13:14:35.018164   14072 watch.go:40] Failed to load config from \"c:\\\\laragon\\\\www\\\\Tropic-Colors\\\\dataconnect\": could not find dataconnect.yaml in `c:\\laragon\\www\\Tropic-Colors\\dataconnect`\n"}}
[debug] [2026-10-07T19:14:45.018Z] E1007 13:14:45.018386   14072 watch.go:40] Failed to load config from "c:\\laragon\\www\\Tropic-Colors\\dataconnect": could not find dataconnect.yaml in `c:\laragon\www\Tropic-Colors\dataconnect`
 {"metadata":{"emulator":{"name":"dataconnect"},"message":"E1007 13:14:45.018386   14072 watch.go:40] Failed to load config from \"c:\\\\laragon\\\\www\\\\Tropic-Colors\\\\dataconnect\": could not find dataconnect.yaml in `c:\\laragon\\www\\Tropic-Colors\\dataconnect`\n"}}
[debug] [2026-10-07T19:14:55.018Z] E1007 13:14:55.018115   14072 watch.go:40] Failed to load config from "c:\\laragon\\www\\Tropic-Colors\\dataconnect": could not find dataconnect.yaml in `c:\laragon\www\Tropic-Colors\dataconnect`
 {"metadata":{"emulator":{"name":"dataconnect"},"message":"E1007 13:14:55.018115   14072 watch.go:40] Failed to load config from \"c:\\\\laragon\\\\www\\\\Tropic-Colors\\\\dataconnect\": could not find dataconnect.yaml in `c:\\laragon\\www\\Tropic-Colors\\dataconnect`\n"}}
[debug] [2026-10-07T19:15:05.021Z] E1007 13:15:05.020489   14072 watch.go:40] Failed to load config from "c:\\laragon\\www\\Tropic-Colors\\dataconnect": could not find dataconnect.yaml in `c:\laragon\www\Tropic-Colors\dataconnect`
 {"metadata":{"emulator":{"name":"dataconnect"},"message":"E1007 13:15:05.020489   14072 watch.go:40] Failed to load config from \"c:\\\\laragon\\\\www\\\\Tropic-Colors\\\\dataconnect\": could not find dataconnect.yaml in `c:\\laragon\\www\\Tropic-Colors\\dataconnect`\n"}}
[debug] [2026-10-07T19:15:15.019Z] E1007 13:15:15.017964   14072 watch.go:40] Failed to load config from "c:\\laragon\\www\\Tropic-Colors\\dataconnect": could not find dataconnect.yaml in `c:\laragon\www\Tropic-Colors\dataconnect`
 {"metadata":{"emulator":{"name":"dataconnect"},"message":"E1007 13:15:15.017964   14072 watch.go:40] Failed to load config from \"c:\\\\laragon\\\\www\\\\Tropic-Colors\\\\dataconnect\": could not find dataconnect.yaml in `c:\\laragon\\www\\Tropic-Colors\\dataconnect`\n"}}
[debug] [2026-10-07T19:15:25.019Z] E1007 13:15:25.018156   14072 watch.go:40] Failed to load config from "c:\\laragon\\www\\Tropic-Colors\\dataconnect": could not find dataconnect.yaml in `c:\laragon\www\Tropic-Colors\dataconnect`
 {"metadata":{"emulator":{"name":"dataconnect"},"message":"E1007 13:15:25.018156   14072 watch.go:40] Failed to load config from \"c:\\\\laragon\\\\www\\\\Tropic-Colors\\\\dataconnect\": could not find dataconnect.yaml in `c:\\laragon\\www\\Tropic-Colors\\dataconnect`\n"}}
[debug] [2026-10-07T19:15:35.018Z] E1007 13:15:35.018022   14072 watch.go:40] Failed to load config from "c:\\laragon\\www\\Tropic-Colors\\dataconnect": could not find dataconnect.yaml in `c:\laragon\www\Tropic-Colors\dataconnect`
 {"metadata":{"emulator":{"name":"dataconnect"},"message":"E1007 13:15:35.018022   14072 watch.go:40] Failed to load config from \"c:\\\\laragon\\\\www\\\\Tropic-Colors\\\\dataconnect\": could not find dataconnect.yaml in `c:\\laragon\\www\\Tropic-Colors\\dataconnect`\n"}}
[debug] [2026-10-07T19:15:45.018Z] E1007 13:15:45.017908   14072 watch.go:40] Failed to load config from "c:\\laragon\\www\\Tropic-Colors\\dataconnect": could not find dataconnect.yaml in `c:\laragon\www\Tropic-Colors\dataconnect`
 {"metadata":{"emulator":{"name":"dataconnect"},"message":"E1007 13:15:45.017908   14072 watch.go:40] Failed to load config from \"c:\\\\laragon\\\\www\\\\Tropic-Colors\\\\dataconnect\": could not find dataconnect.yaml in `c:\\laragon\\www\\Tropic-Colors\\dataconnect`\n"}}
[debug] [2026-10-07T19:15:55.018Z] E1007 13:15:55.018200   14072 watch.go:40] Failed to load config from "c:\\laragon\\www\\Tropic-Colors\\dataconnect": could not find dataconnect.yaml in `c:\laragon\www\Tropic-Colors\dataconnect`
 {"metadata":{"emulator":{"name":"dataconnect"},"message":"E1007 13:15:55.018200   14072 watch.go:40] Failed to load config from \"c:\\\\laragon\\\\www\\\\Tropic-Colors\\\\dataconnect\": could not find dataconnect.yaml in `c:\\laragon\\www\\Tropic-Colors\\dataconnect`\n"}}
[debug] [2026-10-07T19:16:05.018Z] E1007 13:16:05.017897   14072 watch.go:40] Failed to load config from "c:\\laragon\\www\\Tropic-Colors\\dataconnect": could not find dataconnect.yaml in `c:\laragon\www\Tropic-Colors\dataconnect`
 {"metadata":{"emulator":{"name":"dataconnect"},"message":"E1007 13:16:05.017897   14072 watch.go:40] Failed to load config from \"c:\\\\laragon\\\\www\\\\Tropic-Colors\\\\dataconnect\": could not find dataconnect.yaml in `c:\\laragon\\www\\Tropic-Colors\\dataconnect`\n"}}
[debug] [2026-10-07T19:16:15.018Z] E1007 13:16:15.018265   14072 watch.go:40] Failed to load config from "c:\\laragon\\www\\Tropic-Colors\\dataconnect": could not find dataconnect.yaml in `c:\laragon\www\Tropic-Colors\dataconnect`
 {"metadata":{"emulator":{"name":"dataconnect"},"message":"E1007 13:16:15.018265   14072 watch.go:40] Failed to load config from \"c:\\\\laragon\\\\www\\\\Tropic-Colors\\\\dataconnect\": could not find dataconnect.yaml in `c:\\laragon\\www\\Tropic-Colors\\dataconnect`\n"}}
[debug] [2026-10-07T19:16:25.018Z] E1007 13:16:25.018038   14072 watch.go:40] Failed to load config from "c:\\laragon\\www\\Tropic-Colors\\dataconnect": could not find dataconnect.yaml in `c:\laragon\www\Tropic-Colors\dataconnect`
 {"metadata":{"emulator":{"name":"dataconnect"},"message":"E1007 13:16:25.018038   14072 watch.go:40] Failed to load config from \"c:\\\\laragon\\\\www\\\\Tropic-Colors\\\\dataconnect\": could not find dataconnect.yaml in `c:\\laragon\\www\\Tropic-Colors\\dataconnect`\n"}}
[debug] [2026-10-07T19:16:35.018Z] E1007 13:16:35.018205   14072 watch.go:40] Failed to load config from "c:\\laragon\\www\\Tropic-Colors\\dataconnect": could not find dataconnect.yaml in `c:\laragon\www\Tropic-Colors\dataconnect`
 {"metadata":{"emulator":{"name":"dataconnect"},"message":"E1007 13:16:35.018205   14072 watch.go:40] Failed to load config from \"c:\\\\laragon\\\\www\\\\Tropic-Colors\\\\dataconnect\": could not find dataconnect.yaml in `c:\\laragon\\www\\Tropic-Colors\\dataconnect`\n"}}
[debug] [2026-10-07T19:16:45.018Z] E1007 13:16:45.018200   14072 watch.go:40] Failed to load config from "c:\\laragon\\www\\Tropic-Colors\\dataconnect": could not find dataconnect.yaml in `c:\laragon\www\Tropic-Colors\dataconnect`
 {"metadata":{"emulator":{"name":"dataconnect"},"message":"E1007 13:16:45.018200   14072 watch.go:40] Failed to load config from \"c:\\\\laragon\\\\www\\\\Tropic-Colors\\\\dataconnect\": could not find dataconnect.yaml in `c:\\laragon\\www\\Tropic-Colors\\dataconnect`\n"}}
[debug] [2026-10-07T19:16:55.021Z] E1007 13:16:55.018216   14072 watch.go:40] Failed to load config from "c:\\laragon\\www\\Tropic-Colors\\dataconnect": could not find dataconnect.yaml in `c:\laragon\www\Tropic-Colors\dataconnect`
 {"metadata":{"emulator":{"name":"dataconnect"},"message":"E1007 13:16:55.018216   14072 watch.go:40] Failed to load config from \"c:\\\\laragon\\\\www\\\\Tropic-Colors\\\\dataconnect\": could not find dataconnect.yaml in `c:\\laragon\\www\\Tropic-Colors\\dataconnect`\n"}}
[debug] [2026-10-07T19:17:05.018Z] E1007 13:17:05.018168   14072 watch.go:40] Failed to load config from "c:\\laragon\\www\\Tropic-Colors\\dataconnect": could not find dataconnect.yaml in `c:\laragon\www\Tropic-Colors\dataconnect`
 {"metadata":{"emulator":{"name":"dataconnect"},"message":"E1007 13:17:05.018168   14072 watch.go:40] Failed to load config from \"c:\\\\laragon\\\\www\\\\Tropic-Colors\\\\dataconnect\": could not find dataconnect.yaml in `c:\\laragon\\www\\Tropic-Colors\\dataconnect`\n"}}
[debug] [2026-10-07T19:17:15.018Z] E1007 13:17:15.018047   14072 watch.go:40] Failed to load config from "c:\\laragon\\www\\Tropic-Colors\\dataconnect": could not find dataconnect.yaml in `c:\laragon\www\Tropic-Colors\dataconnect`
 {"metadata":{"emulator":{"name":"dataconnect"},"message":"E1007 13:17:15.018047   14072 watch.go:40] Failed to load config from \"c:\\\\laragon\\\\www\\\\Tropic-Colors\\\\dataconnect\": could not find dataconnect.yaml in `c:\\laragon\\www\\Tropic-Colors\\dataconnect`\n"}}
[debug] [2026-10-07T19:17:25.018Z] E1007 13:17:25.017856   14072 watch.go:40] Failed to load config from "c:\\laragon\\www\\Tropic-Colors\\dataconnect": could not find dataconnect.yaml in `c:\laragon\www\Tropic-Colors\dataconnect`
 {"metadata":{"emulator":{"name":"dataconnect"},"message":"E1007 13:17:25.017856   14072 watch.go:40] Failed to load config from \"c:\\\\laragon\\\\www\\\\Tropic-Colors\\\\dataconnect\": could not find dataconnect.yaml in `c:\\laragon\\www\\Tropic-Colors\\dataconnect`\n"}}
[debug] [2026-10-07T19:17:35.018Z] E1007 13:17:35.017820   14072 watch.go:40] Failed to load config from "c:\\laragon\\www\\Tropic-Colors\\dataconnect": could not find dataconnect.yaml in `c:\laragon\www\Tropic-Colors\dataconnect`
 {"metadata":{"emulator":{"name":"dataconnect"},"message":"E1007 13:17:35.017820   14072 watch.go:40] Failed to load config from \"c:\\\\laragon\\\\www\\\\Tropic-Colors\\\\dataconnect\": could not find dataconnect.yaml in `c:\\laragon\\www\\Tropic-Colors\\dataconnect`\n"}}
[debug] [2026-10-07T19:17:45.018Z] E1007 13:17:45.018079   14072 watch.go:40] Failed to load config from "c:\\laragon\\www\\Tropic-Colors\\dataconnect": could not find dataconnect.yaml in `c:\laragon\www\Tropic-Colors\dataconnect`
 {"metadata":{"emulator":{"name":"dataconnect"},"message":"E1007 13:17:45.018079   14072 watch.go:40] Failed to load config from \"c:\\\\laragon\\\\www\\\\Tropic-Colors\\\\dataconnect\": could not find dataconnect.yaml in `c:\\laragon\\www\\Tropic-Colors\\dataconnect`\n"}}
[debug] [2026-10-07T19:17:55.018Z] E1007 13:17:55.018235   14072 watch.go:40] Failed to load config from "c:\\laragon\\www\\Tropic-Colors\\dataconnect": could not find dataconnect.yaml in `c:\laragon\www\Tropic-Colors\dataconnect`
 {"metadata":{"emulator":{"name":"dataconnect"},"message":"E1007 13:17:55.018235   14072 watch.go:40] Failed to load config from \"c:\\\\laragon\\\\www\\\\Tropic-Colors\\\\dataconnect\": could not find dataconnect.yaml in `c:\\laragon\\www\\Tropic-Colors\\dataconnect`\n"}}
[debug] [2026-10-07T19:18:05.018Z] E1007 13:18:05.018692   14072 watch.go:40] Failed to load config from "c:\\laragon\\www\\Tropic-Colors\\dataconnect": could not find dataconnect.yaml in `c:\laragon\www\Tropic-Colors\dataconnect`
 {"metadata":{"emulator":{"name":"dataconnect"},"message":"E1007 13:18:05.018692   14072 watch.go:40] Failed to load config from \"c:\\\\laragon\\\\www\\\\Tropic-Colors\\\\dataconnect\": could not find dataconnect.yaml in `c:\\laragon\\www\\Tropic-Colors\\dataconnect`\n"}}
[debug] [2026-10-07T19:18:15.018Z] E1007 13:18:15.017882   14072 watch.go:40] Failed to load config from "c:\\laragon\\www\\Tropic-Colors\\dataconnect": could not find dataconnect.yaml in `c:\laragon\www\Tropic-Colors\dataconnect`
 {"metadata":{"emulator":{"name":"dataconnect"},"message":"E1007 13:18:15.017882   14072 watch.go:40] Failed to load config from \"c:\\\\laragon\\\\www\\\\Tropic-Colors\\\\dataconnect\": could not find dataconnect.yaml in `c:\\laragon\\www\\Tropic-Colors\\dataconnect`\n"}}
[debug] [2026-10-07T19:18:25.018Z] E1007 13:18:25.017880   14072 watch.go:40] Failed to load config from "c:\\laragon\\www\\Tropic-Colors\\dataconnect": could not find dataconnect.yaml in `c:\laragon\www\Tropic-Colors\dataconnect`
 {"metadata":{"emulator":{"name":"dataconnect"},"message":"E1007 13:18:25.017880   14072 watch.go:40] Failed to load config from \"c:\\\\laragon\\\\www\\\\Tropic-Colors\\\\dataconnect\": could not find dataconnect.yaml in `c:\\laragon\\www\\Tropic-Colors\\dataconnect`\n"}}
[debug] [2026-10-07T19:18:35.019Z] E1007 13:18:35.018899   14072 watch.go:40] Failed to load config from "c:\\laragon\\www\\Tropic-Colors\\dataconnect": could not find dataconnect.yaml in `c:\laragon\www\Tropic-Colors\dataconnect`
 {"metadata":{"emulator":{"name":"dataconnect"},"message":"E1007 13:18:35.018899   14072 watch.go:40] Failed to load config from \"c:\\\\laragon\\\\www\\\\Tropic-Colors\\\\dataconnect\": could not find dataconnect.yaml in `c:\\laragon\\www\\Tropic-Colors\\dataconnect`\n"}}
[debug] [2026-10-07T19:18:45.018Z] E1007 13:18:45.018017   14072 watch.go:40] Failed to load config from "c:\\laragon\\www\\Tropic-Colors\\dataconnect": could not find dataconnect.yaml in `c:\laragon\www\Tropic-Colors\dataconnect`
 {"metadata":{"emulator":{"name":"dataconnect"},"message":"E1007 13:18:45.018017   14072 watch.go:40] Failed to load config from \"c:\\\\laragon\\\\www\\\\Tropic-Colors\\\\dataconnect\": could not find dataconnect.yaml in `c:\\laragon\\www\\Tropic-Colors\\dataconnect`\n"}}
[debug] [2026-10-07T19:18:55.018Z] E1007 13:18:55.018262   14072 watch.go:40] Failed to load config from "c:\\laragon\\www\\Tropic-Colors\\dataconnect": could not find dataconnect.yaml in `c:\laragon\www\Tropic-Colors\dataconnect`
 {"metadata":{"emulator":{"name":"dataconnect"},"message":"E1007 13:18:55.018262   14072 watch.go:40] Failed to load config from \"c:\\\\laragon\\\\www\\\\Tropic-Colors\\\\dataconnect\": could not find dataconnect.yaml in `c:\\laragon\\www\\Tropic-Colors\\dataconnect`\n"}}
[debug] [2026-10-07T19:19:05.018Z] E1007 13:19:05.017994   14072 watch.go:40] Failed to load config from "c:\\laragon\\www\\Tropic-Colors\\dataconnect": could not find dataconnect.yaml in `c:\laragon\www\Tropic-Colors\dataconnect`
 {"metadata":{"emulator":{"name":"dataconnect"},"message":"E1007 13:19:05.017994   14072 watch.go:40] Failed to load config from \"c:\\\\laragon\\\\www\\\\Tropic-Colors\\\\dataconnect\": could not find dataconnect.yaml in `c:\\laragon\\www\\Tropic-Colors\\dataconnect`\n"}}
[debug] [2026-10-07T19:19:15.018Z] E1007 13:19:15.017824   14072 watch.go:40] Failed to load config from "c:\\laragon\\www\\Tropic-Colors\\dataconnect": could not find dataconnect.yaml in `c:\laragon\www\Tropic-Colors\dataconnect`
 {"metadata":{"emulator":{"name":"dataconnect"},"message":"E1007 13:19:15.017824   14072 watch.go:40] Failed to load config from \"c:\\\\laragon\\\\www\\\\Tropic-Colors\\\\dataconnect\": could not find dataconnect.yaml in `c:\\laragon\\www\\Tropic-Colors\\dataconnect`\n"}}
[debug] [2026-10-07T19:19:25.018Z] E1007 13:19:25.017880   14072 watch.go:40] Failed to load config from "c:\\laragon\\www\\Tropic-Colors\\dataconnect": could not find dataconnect.yaml in `c:\laragon\www\Tropic-Colors\dataconnect`
 {"metadata":{"emulator":{"name":"dataconnect"},"message":"E1007 13:19:25.017880   14072 watch.go:40] Failed to load config from \"c:\\\\laragon\\\\www\\\\Tropic-Colors\\\\dataconnect\": could not find dataconnect.yaml in `c:\\laragon\\www\\Tropic-Colors\\dataconnect`\n"}}
[debug] [2026-10-07T19:19:35.017Z] E1007 13:19:35.017821   14072 watch.go:40] Failed to load config from "c:\\laragon\\www\\Tropic-Colors\\dataconnect": could not find dataconnect.yaml in `c:\laragon\www\Tropic-Colors\dataconnect`
 {"metadata":{"emulator":{"name":"dataconnect"},"message":"E1007 13:19:35.017821   14072 watch.go:40] Failed to load config from \"c:\\\\laragon\\\\www\\\\Tropic-Colors\\\\dataconnect\": could not find dataconnect.yaml in `c:\\laragon\\www\\Tropic-Colors\\dataconnect`\n"}}
[debug] [2026-10-07T19:19:45.018Z] E1007 13:19:45.018162   14072 watch.go:40] Failed to load config from "c:\\laragon\\www\\Tropic-Colors\\dataconnect": could not find dataconnect.yaml in `c:\laragon\www\Tropic-Colors\dataconnect`
 {"metadata":{"emulator":{"name":"dataconnect"},"message":"E1007 13:19:45.018162   14072 watch.go:40] Failed to load config from \"c:\\\\laragon\\\\www\\\\Tropic-Colors\\\\dataconnect\": could not find dataconnect.yaml in `c:\\laragon\\www\\Tropic-Colors\\dataconnect`\n"}}
[debug] [2026-10-07T19:19:55.018Z] E1007 13:19:55.017884   14072 watch.go:40] Failed to load config from "c:\\laragon\\www\\Tropic-Colors\\dataconnect": could not find dataconnect.yaml in `c:\laragon\www\Tropic-Colors\dataconnect`
 {"metadata":{"emulator":{"name":"dataconnect"},"message":"E1007 13:19:55.017884   14072 watch.go:40] Failed to load config from \"c:\\\\laragon\\\\www\\\\Tropic-Colors\\\\dataconnect\": could not find dataconnect.yaml in `c:\\laragon\\www\\Tropic-Colors\\dataconnect`\n"}}
[debug] [2026-10-07T19:20:05.018Z] E1007 13:20:05.018172   14072 watch.go:40] Failed to load config from "c:\\laragon\\www\\Tropic-Colors\\dataconnect": could not find dataconnect.yaml in `c:\laragon\www\Tropic-Colors\dataconnect`
 {"metadata":{"emulator":{"name":"dataconnect"},"message":"E1007 13:20:05.018172   14072 watch.go:40] Failed to load config from \"c:\\\\laragon\\\\www\\\\Tropic-Colors\\\\dataconnect\": could not find dataconnect.yaml in `c:\\laragon\\www\\Tropic-Colors\\dataconnect`\n"}}
[debug] [2026-10-07T19:20:15.018Z] E1007 13:20:15.018378   14072 watch.go:40] Failed to load config from "c:\\laragon\\www\\Tropic-Colors\\dataconnect": could not find dataconnect.yaml in `c:\laragon\www\Tropic-Colors\dataconnect`
 {"metadata":{"emulator":{"name":"dataconnect"},"message":"E1007 13:20:15.018378   14072 watch.go:40] Failed to load config from \"c:\\\\laragon\\\\www\\\\Tropic-Colors\\\\dataconnect\": could not find dataconnect.yaml in `c:\\laragon\\www\\Tropic-Colors\\dataconnect`\n"}}
[debug] [2026-10-07T19:20:25.018Z] E1007 13:20:25.018048   14072 watch.go:40] Failed to load config from "c:\\laragon\\www\\Tropic-Colors\\dataconnect": could not find dataconnect.yaml in `c:\laragon\www\Tropic-Colors\dataconnect`
 {"metadata":{"emulator":{"name":"dataconnect"},"message":"E1007 13:20:25.018048   14072 watch.go:40] Failed to load config from \"c:\\\\laragon\\\\www\\\\Tropic-Colors\\\\dataconnect\": could not find dataconnect.yaml in `c:\\laragon\\www\\Tropic-Colors\\dataconnect`\n"}}
[debug] [2026-10-07T19:20:35.018Z] E1007 13:20:35.018161   14072 watch.go:40] Failed to load config from "c:\\laragon\\www\\Tropic-Colors\\dataconnect": could not find dataconnect.yaml in `c:\laragon\www\Tropic-Colors\dataconnect`
 {"metadata":{"emulator":{"name":"dataconnect"},"message":"E1007 13:20:35.018161   14072 watch.go:40] Failed to load config from \"c:\\\\laragon\\\\www\\\\Tropic-Colors\\\\dataconnect\": could not find dataconnect.yaml in `c:\\laragon\\www\\Tropic-Colors\\dataconnect`\n"}}
[debug] [2026-10-07T19:20:45.018Z] E1007 13:20:45.018922   14072 watch.go:40] Failed to load config from "c:\\laragon\\www\\Tropic-Colors\\dataconnect": could not find dataconnect.yaml in `c:\laragon\www\Tropic-Colors\dataconnect`
 {"metadata":{"emulator":{"name":"dataconnect"},"message":"E1007 13:20:45.018922   14072 watch.go:40] Failed to load config from \"c:\\\\laragon\\\\www\\\\Tropic-Colors\\\\dataconnect\": could not find dataconnect.yaml in `c:\\laragon\\www\\Tropic-Colors\\dataconnect`\n"}}
[debug] [2026-10-07T19:20:55.018Z] E1007 13:20:55.018167   14072 watch.go:40] Failed to load config from "c:\\laragon\\www\\Tropic-Colors\\dataconnect": could not find dataconnect.yaml in `c:\laragon\www\Tropic-Colors\dataconnect`
 {"metadata":{"emulator":{"name":"dataconnect"},"message":"E1007 13:20:55.018167   14072 watch.go:40] Failed to load config from \"c:\\\\laragon\\\\www\\\\Tropic-Colors\\\\dataconnect\": could not find dataconnect.yaml in `c:\\laragon\\www\\Tropic-Colors\\dataconnect`\n"}}
[debug] [2026-10-07T19:21:05.017Z] E1007 13:21:05.017946   14072 watch.go:40] Failed to load config from "c:\\laragon\\www\\Tropic-Colors\\dataconnect": could not find dataconnect.yaml in `c:\laragon\www\Tropic-Colors\dataconnect`
 {"metadata":{"emulator":{"name":"dataconnect"},"message":"E1007 13:21:05.017946   14072 watch.go:40] Failed to load config from \"c:\\\\laragon\\\\www\\\\Tropic-Colors\\\\dataconnect\": could not find dataconnect.yaml in `c:\\laragon\\www\\Tropic-Colors\\dataconnect`\n"}}
[debug] [2026-10-07T19:21:15.017Z] E1007 13:21:15.017986   14072 watch.go:40] Failed to load config from "c:\\laragon\\www\\Tropic-Colors\\dataconnect": could not find dataconnect.yaml in `c:\laragon\www\Tropic-Colors\dataconnect`
 {"metadata":{"emulator":{"name":"dataconnect"},"message":"E1007 13:21:15.017986   14072 watch.go:40] Failed to load config from \"c:\\\\laragon\\\\www\\\\Tropic-Colors\\\\dataconnect\": could not find dataconnect.yaml in `c:\\laragon\\www\\Tropic-Colors\\dataconnect`\n"}}
[debug] [2026-10-07T19:21:25.018Z] E1007 13:21:25.018579   14072 watch.go:40] Failed to load config from "c:\\laragon\\www\\Tropic-Colors\\dataconnect": could not find dataconnect.yaml in `c:\laragon\www\Tropic-Colors\dataconnect`
 {"metadata":{"emulator":{"name":"dataconnect"},"message":"E1007 13:21:25.018579   14072 watch.go:40] Failed to load config from \"c:\\\\laragon\\\\www\\\\Tropic-Colors\\\\dataconnect\": could not find dataconnect.yaml in `c:\\laragon\\www\\Tropic-Colors\\dataconnect`\n"}}
[debug] [2026-10-07T19:21:35.017Z] E1007 13:21:35.018149   14072 watch.go:40] Failed to load config from "c:\\laragon\\www\\Tropic-Colors\\dataconnect": could not find dataconnect.yaml in `c:\laragon\www\Tropic-Colors\dataconnect`
 {"metadata":{"emulator":{"name":"dataconnect"},"message":"E1007 13:21:35.018149   14072 watch.go:40] Failed to load config from \"c:\\\\laragon\\\\www\\\\Tropic-Colors\\\\dataconnect\": could not find dataconnect.yaml in `c:\\laragon\\www\\Tropic-Colors\\dataconnect`\n"}}
[debug] [2026-10-07T19:21:45.019Z] E1007 13:21:45.019388   14072 watch.go:40] Failed to load config from "c:\\laragon\\www\\Tropic-Colors\\dataconnect": could not find dataconnect.yaml in `c:\laragon\www\Tropic-Colors\dataconnect`
 {"metadata":{"emulator":{"name":"dataconnect"},"message":"E1007 13:21:45.019388   14072 watch.go:40] Failed to load config from \"c:\\\\laragon\\\\www\\\\Tropic-Colors\\\\dataconnect\": could not find dataconnect.yaml in `c:\\laragon\\www\\Tropic-Colors\\dataconnect`\n"}}
[debug] [2026-10-07T19:21:55.018Z] E1007 13:21:55.018539   14072 watch.go:40] Failed to load config from "c:\\laragon\\www\\Tropic-Colors\\dataconnect": could not find dataconnect.yaml in `c:\laragon\www\Tropic-Colors\dataconnect`
 {"metadata":{"emulator":{"name":"dataconnect"},"message":"E1007 13:21:55.018539   14072 watch.go:40] Failed to load config from \"c:\\\\laragon\\\\www\\\\Tropic-Colors\\\\dataconnect\": could not find dataconnect.yaml in `c:\\laragon\\www\\Tropic-Colors\\dataconnect`\n"}}
[debug] [2026-10-07T19:22:05.018Z] E1007 13:22:05.018683   14072 watch.go:40] Failed to load config from "c:\\laragon\\www\\Tropic-Colors\\dataconnect": could not find dataconnect.yaml in `c:\laragon\www\Tropic-Colors\dataconnect`
 {"metadata":{"emulator":{"name":"dataconnect"},"message":"E1007 13:22:05.018683   14072 watch.go:40] Failed to load config from \"c:\\\\laragon\\\\www\\\\Tropic-Colors\\\\dataconnect\": could not find dataconnect.yaml in `c:\\laragon\\www\\Tropic-Colors\\dataconnect`\n"}}
[debug] [2026-10-07T19:22:15.017Z] E1007 13:22:15.018066   14072 watch.go:40] Failed to load config from "c:\\laragon\\www\\Tropic-Colors\\dataconnect": could not find dataconnect.yaml in `c:\laragon\www\Tropic-Colors\dataconnect`
 {"metadata":{"emulator":{"name":"dataconnect"},"message":"E1007 13:22:15.018066   14072 watch.go:40] Failed to load config from \"c:\\\\laragon\\\\www\\\\Tropic-Colors\\\\dataconnect\": could not find dataconnect.yaml in `c:\\laragon\\www\\Tropic-Colors\\dataconnect`\n"}}
[debug] [2026-10-07T19:22:25.017Z] E1007 13:22:25.018017   14072 watch.go:40] Failed to load config from "c:\\laragon\\www\\Tropic-Colors\\dataconnect": could not find dataconnect.yaml in `c:\laragon\www\Tropic-Colors\dataconnect`
 {"metadata":{"emulator":{"name":"dataconnect"},"message":"E1007 13:22:25.018017   14072 watch.go:40] Failed to load config from \"c:\\\\laragon\\\\www\\\\Tropic-Colors\\\\dataconnect\": could not find dataconnect.yaml in `c:\\laragon\\www\\Tropic-Colors\\dataconnect`\n"}}
[debug] [2026-10-07T19:22:35.017Z] E1007 13:22:35.018084   14072 watch.go:40] Failed to load config from "c:\\laragon\\www\\Tropic-Colors\\dataconnect": could not find dataconnect.yaml in `c:\laragon\www\Tropic-Colors\dataconnect`
 {"metadata":{"emulator":{"name":"dataconnect"},"message":"E1007 13:22:35.018084   14072 watch.go:40] Failed to load config from \"c:\\\\laragon\\\\www\\\\Tropic-Colors\\\\dataconnect\": could not find dataconnect.yaml in `c:\\laragon\\www\\Tropic-Colors\\dataconnect`\n"}}
[debug] [2026-10-07T19:22:45.018Z] E1007 13:22:45.018038   14072 watch.go:40] Failed to load config from "c:\\laragon\\www\\Tropic-Colors\\dataconnect": could not find dataconnect.yaml in `c:\laragon\www\Tropic-Colors\dataconnect`
 {"metadata":{"emulator":{"name":"dataconnect"},"message":"E1007 13:22:45.018038   14072 watch.go:40] Failed to load config from \"c:\\\\laragon\\\\www\\\\Tropic-Colors\\\\dataconnect\": could not find dataconnect.yaml in `c:\\laragon\\www\\Tropic-Colors\\dataconnect`\n"}}
[debug] [2026-10-07T19:22:55.018Z] E1007 13:22:55.018092   14072 watch.go:40] Failed to load config from "c:\\laragon\\www\\Tropic-Colors\\dataconnect": could not find dataconnect.yaml in `c:\laragon\www\Tropic-Colors\dataconnect`
 {"metadata":{"emulator":{"name":"dataconnect"},"message":"E1007 13:22:55.018092   14072 watch.go:40] Failed to load config from \"c:\\\\laragon\\\\www\\\\Tropic-Colors\\\\dataconnect\": could not find dataconnect.yaml in `c:\\laragon\\www\\Tropic-Colors\\dataconnect`\n"}}
[debug] [2026-10-07T19:23:05.018Z] E1007 13:23:05.018036   14072 watch.go:40] Failed to load config from "c:\\laragon\\www\\Tropic-Colors\\dataconnect": could not find dataconnect.yaml in `c:\laragon\www\Tropic-Colors\dataconnect`
 {"metadata":{"emulator":{"name":"dataconnect"},"message":"E1007 13:23:05.018036   14072 watch.go:40] Failed to load config from \"c:\\\\laragon\\\\www\\\\Tropic-Colors\\\\dataconnect\": could not find dataconnect.yaml in `c:\\laragon\\www\\Tropic-Colors\\dataconnect`\n"}}
[debug] [2026-10-07T19:23:15.018Z] E1007 13:23:15.018791   14072 watch.go:40] Failed to load config from "c:\\laragon\\www\\Tropic-Colors\\dataconnect": could not find dataconnect.yaml in `c:\laragon\www\Tropic-Colors\dataconnect`
 {"metadata":{"emulator":{"name":"dataconnect"},"message":"E1007 13:23:15.018791   14072 watch.go:40] Failed to load config from \"c:\\\\laragon\\\\www\\\\Tropic-Colors\\\\dataconnect\": could not find dataconnect.yaml in `c:\\laragon\\www\\Tropic-Colors\\dataconnect`\n"}}
[debug] [2026-10-07T19:23:25.018Z] E1007 13:23:25.017879   14072 watch.go:40] Failed to load config from "c:\\laragon\\www\\Tropic-Colors\\dataconnect": could not find dataconnect.yaml in `c:\laragon\www\Tropic-Colors\dataconnect`
 {"metadata":{"emulator":{"name":"dataconnect"},"message":"E1007 13:23:25.017879   14072 watch.go:40] Failed to load config from \"c:\\\\laragon\\\\www\\\\Tropic-Colors\\\\dataconnect\": could not find dataconnect.yaml in `c:\\laragon\\www\\Tropic-Colors\\dataconnect`\n"}}
[debug] [2026-10-07T19:23:35.019Z] E1007 13:23:35.019220   14072 watch.go:40] Failed to load config from "c:\\laragon\\www\\Tropic-Colors\\dataconnect": could not find dataconnect.yaml in `c:\laragon\www\Tropic-Colors\dataconnect`
 {"metadata":{"emulator":{"name":"dataconnect"},"message":"E1007 13:23:35.019220   14072 watch.go:40] Failed to load config from \"c:\\\\laragon\\\\www\\\\Tropic-Colors\\\\dataconnect\": could not find dataconnect.yaml in `c:\\laragon\\www\\Tropic-Colors\\dataconnect`\n"}}
[debug] [2026-10-07T19:23:45.018Z] E1007 13:23:45.018207   14072 watch.go:40] Failed to load config from "c:\\laragon\\www\\Tropic-Colors\\dataconnect": could not find dataconnect.yaml in `c:\laragon\www\Tropic-Colors\dataconnect`
 {"metadata":{"emulator":{"name":"dataconnect"},"message":"E1007 13:23:45.018207   14072 watch.go:40] Failed to load config from \"c:\\\\laragon\\\\www\\\\Tropic-Colors\\\\dataconnect\": could not find dataconnect.yaml in `c:\\laragon\\www\\Tropic-Colors\\dataconnect`\n"}}
[debug] [2026-10-07T19:23:55.018Z] E1007 13:23:55.018118   14072 watch.go:40] Failed to load config from "c:\\laragon\\www\\Tropic-Colors\\dataconnect": could not find dataconnect.yaml in `c:\laragon\www\Tropic-Colors\dataconnect`
 {"metadata":{"emulator":{"name":"dataconnect"},"message":"E1007 13:23:55.018118   14072 watch.go:40] Failed to load config from \"c:\\\\laragon\\\\www\\\\Tropic-Colors\\\\dataconnect\": could not find dataconnect.yaml in `c:\\laragon\\www\\Tropic-Colors\\dataconnect`\n"}}
[debug] [2026-10-07T19:24:05.018Z] E1007 13:24:05.018000   14072 watch.go:40] Failed to load config from "c:\\laragon\\www\\Tropic-Colors\\dataconnect": could not find dataconnect.yaml in `c:\laragon\www\Tropic-Colors\dataconnect`
 {"metadata":{"emulator":{"name":"dataconnect"},"message":"E1007 13:24:05.018000   14072 watch.go:40] Failed to load config from \"c:\\\\laragon\\\\www\\\\Tropic-Colors\\\\dataconnect\": could not find dataconnect.yaml in `c:\\laragon\\www\\Tropic-Colors\\dataconnect`\n"}}
[debug] [2026-10-07T19:24:15.018Z] E1007 13:24:15.018152   14072 watch.go:40] Failed to load config from "c:\\laragon\\www\\Tropic-Colors\\dataconnect": could not find dataconnect.yaml in `c:\laragon\www\Tropic-Colors\dataconnect`
 {"metadata":{"emulator":{"name":"dataconnect"},"message":"E1007 13:24:15.018152   14072 watch.go:40] Failed to load config from \"c:\\\\laragon\\\\www\\\\Tropic-Colors\\\\dataconnect\": could not find dataconnect.yaml in `c:\\laragon\\www\\Tropic-Colors\\dataconnect`\n"}}
[debug] [2026-10-07T19:24:25.018Z] E1007 13:24:25.017985   14072 watch.go:40] Failed to load config from "c:\\laragon\\www\\Tropic-Colors\\dataconnect": could not find dataconnect.yaml in `c:\laragon\www\Tropic-Colors\dataconnect`
 {"metadata":{"emulator":{"name":"dataconnect"},"message":"E1007 13:24:25.017985   14072 watch.go:40] Failed to load config from \"c:\\\\laragon\\\\www\\\\Tropic-Colors\\\\dataconnect\": could not find dataconnect.yaml in `c:\\laragon\\www\\Tropic-Colors\\dataconnect`\n"}}
[debug] [2026-10-07T19:24:35.018Z] E1007 13:24:35.018062   14072 watch.go:40] Failed to load config from "c:\\laragon\\www\\Tropic-Colors\\dataconnect": could not find dataconnect.yaml in `c:\laragon\www\Tropic-Colors\dataconnect`
 {"metadata":{"emulator":{"name":"dataconnect"},"message":"E1007 13:24:35.018062   14072 watch.go:40] Failed to load config from \"c:\\\\laragon\\\\www\\\\Tropic-Colors\\\\dataconnect\": could not find dataconnect.yaml in `c:\\laragon\\www\\Tropic-Colors\\dataconnect`\n"}}
[debug] [2026-10-07T19:24:45.018Z] E1007 13:24:45.018300   14072 watch.go:40] Failed to load config from "c:\\laragon\\www\\Tropic-Colors\\dataconnect": could not find dataconnect.yaml in `c:\laragon\www\Tropic-Colors\dataconnect`
 {"metadata":{"emulator":{"name":"dataconnect"},"message":"E1007 13:24:45.018300   14072 watch.go:40] Failed to load config from \"c:\\\\laragon\\\\www\\\\Tropic-Colors\\\\dataconnect\": could not find dataconnect.yaml in `c:\\laragon\\www\\Tropic-Colors\\dataconnect`\n"}}
[debug] [2026-10-07T19:24:55.018Z] E1007 13:24:55.017879   14072 watch.go:40] Failed to load config from "c:\\laragon\\www\\Tropic-Colors\\dataconnect": could not find dataconnect.yaml in `c:\laragon\www\Tropic-Colors\dataconnect`
 {"metadata":{"emulator":{"name":"dataconnect"},"message":"E1007 13:24:55.017879   14072 watch.go:40] Failed to load config from \"c:\\\\laragon\\\\www\\\\Tropic-Colors\\\\dataconnect\": could not find dataconnect.yaml in `c:\\laragon\\www\\Tropic-Colors\\dataconnect`\n"}}
[debug] [2026-10-07T19:25:05.018Z] E1007 13:25:05.018223   14072 watch.go:40] Failed to load config from "c:\\laragon\\www\\Tropic-Colors\\dataconnect": could not find dataconnect.yaml in `c:\laragon\www\Tropic-Colors\dataconnect`
 {"metadata":{"emulator":{"name":"dataconnect"},"message":"E1007 13:25:05.018223   14072 watch.go:40] Failed to load config from \"c:\\\\laragon\\\\www\\\\Tropic-Colors\\\\dataconnect\": could not find dataconnect.yaml in `c:\\laragon\\www\\Tropic-Colors\\dataconnect`\n"}}
[debug] [2026-10-07T19:25:15.018Z] E1007 13:25:15.018183   14072 watch.go:40] Failed to load config from "c:\\laragon\\www\\Tropic-Colors\\dataconnect": could not find dataconnect.yaml in `c:\laragon\www\Tropic-Colors\dataconnect`
 {"metadata":{"emulator":{"name":"dataconnect"},"message":"E1007 13:25:15.018183   14072 watch.go:40] Failed to load config from \"c:\\\\laragon\\\\www\\\\Tropic-Colors\\\\dataconnect\": could not find dataconnect.yaml in `c:\\laragon\\www\\Tropic-Colors\\dataconnect`\n"}}
[debug] [2026-10-07T19:25:25.018Z] E1007 13:25:25.017835   14072 watch.go:40] Failed to load config from "c:\\laragon\\www\\Tropic-Colors\\dataconnect": could not find dataconnect.yaml in `c:\laragon\www\Tropic-Colors\dataconnect`
 {"metadata":{"emulator":{"name":"dataconnect"},"message":"E1007 13:25:25.017835   14072 watch.go:40] Failed to load config from \"c:\\\\laragon\\\\www\\\\Tropic-Colors\\\\dataconnect\": could not find dataconnect.yaml in `c:\\laragon\\www\\Tropic-Colors\\dataconnect`\n"}}
[debug] [2026-10-07T19:25:35.018Z] E1007 13:25:35.018143   14072 watch.go:40] Failed to load config from "c:\\laragon\\www\\Tropic-Colors\\dataconnect": could not find dataconnect.yaml in `c:\laragon\www\Tropic-Colors\dataconnect`
 {"metadata":{"emulator":{"name":"dataconnect"},"message":"E1007 13:25:35.018143   14072 watch.go:40] Failed to load config from \"c:\\\\laragon\\\\www\\\\Tropic-Colors\\\\dataconnect\": could not find dataconnect.yaml in `c:\\laragon\\www\\Tropic-Colors\\dataconnect`\n"}}
[debug] [2026-10-07T19:25:45.018Z] E1007 13:25:45.018058   14072 watch.go:40] Failed to load config from "c:\\laragon\\www\\Tropic-Colors\\dataconnect": could not find dataconnect.yaml in `c:\laragon\www\Tropic-Colors\dataconnect`
 {"metadata":{"emulator":{"name":"dataconnect"},"message":"E1007 13:25:45.018058   14072 watch.go:40] Failed to load config from \"c:\\\\laragon\\\\www\\\\Tropic-Colors\\\\dataconnect\": could not find dataconnect.yaml in `c:\\laragon\\www\\Tropic-Colors\\dataconnect`\n"}}
[debug] [2026-10-07T19:25:55.019Z] E1007 13:25:55.018821   14072 watch.go:40] Failed to load config from "c:\\laragon\\www\\Tropic-Colors\\dataconnect": could not find dataconnect.yaml in `c:\laragon\www\Tropic-Colors\dataconnect`
 {"metadata":{"emulator":{"name":"dataconnect"},"message":"E1007 13:25:55.018821   14072 watch.go:40] Failed to load config from \"c:\\\\laragon\\\\www\\\\Tropic-Colors\\\\dataconnect\": could not find dataconnect.yaml in `c:\\laragon\\www\\Tropic-Colors\\dataconnect`\n"}}
